year,sex,age,distribution,parameter-description,parameter-1,parameter-2,parameter-3,parameter-4
1,,5,,,,,,
43,,17,,,,,,
1998,M,0,Exponential,(rate-shift),0.011791531,0,,
1998,M,5,Exponential,(rate-shift),0.000675644,0,,
1998,M,10,Exponential,(rate-shift),0.000554381,0,,
1998,M,15,Exponential,(rate-shift),0.000791879,0,,
1998,M,20,Exponential,(rate-shift),0.00158679,0,,
1998,M,25,Exponential,(rate-shift),0.003832597,0,,
1998,M,30,Exponential,(rate-shift),0.006282832,0,,
1998,M,35,Exponential,(rate-shift),0.008131343,0,,
1998,M,40,Exponential,(rate-shift),0.009138431,0,,
1998,M,45,Exponential,(rate-shift),0.010860173,0,,
1998,M,50,Exponential,(rate-shift),0.013305164,0,,
1998,M,55,Exponential,(rate-shift),0.015639423,0,,
1998,M,60,Exponential,(rate-shift),0.021222689,0,,
1998,M,65,Exponential,(rate-shift),0.031091704,0,,
1998,M,70,Exponential,(rate-shift),0.048499288,0,,
1998,M,75,Exponential,(rate-shift),0.072599585,0,,
1998,M,80,Exponential,(rate-shift),0.120500317,0,,
1999,M,0,Exponential,(rate-shift),0.011607315,0,,
1999,M,5,Exponential,(rate-shift),0.000678098,0,,
1999,M,10,Exponential,(rate-shift),0.000595584,0,,
1999,M,15,Exponential,(rate-shift),0.00074374,0,,
1999,M,20,Exponential,(rate-shift),0.001363359,0,,
1999,M,25,Exponential,(rate-shift),0.003521683,0,,
1999,M,30,Exponential,(rate-shift),0.006169252,0,,
1999,M,35,Exponential,(rate-shift),0.008217598,0,,
1999,M,40,Exponential,(rate-shift),0.00914819,0,,
1999,M,45,Exponential,(rate-shift),0.010651363,0,,
1999,M,50,Exponential,(rate-shift),0.013056821,0,,
1999,M,55,Exponential,(rate-shift),0.015241217,0,,
1999,M,60,Exponential,(rate-shift),0.02067991,0,,
1999,M,65,Exponential,(rate-shift),0.030436006,0,,
1999,M,70,Exponential,(rate-shift),0.048273954,0,,
1999,M,75,Exponential,(rate-shift),0.074057312,0,,
1999,M,80,Exponential,(rate-shift),0.124816203,0,,
2000,M,0,Exponential,(rate-shift),0.011354388,0,,
2000,M,5,Exponential,(rate-shift),0.00067304,0,,
2000,M,10,Exponential,(rate-shift),0.000646474,0,,
2000,M,15,Exponential,(rate-shift),0.000708766,0,,
2000,M,20,Exponential,(rate-shift),0.001128022,0,,
2000,M,25,Exponential,(rate-shift),0.002997631,0,,
2000,M,30,Exponential,(rate-shift),0.00585553,0,,
2000,M,35,Exponential,(rate-shift),0.008063078,0,,
2000,M,40,Exponential,(rate-shift),0.008947359,0,,
2000,M,45,Exponential,(rate-shift),0.010275638,0,,
2000,M,50,Exponential,(rate-shift),0.012525999,0,,
2000,M,55,Exponential,(rate-shift),0.01468398,0,,
2000,M,60,Exponential,(rate-shift),0.019848547,0,,
2000,M,65,Exponential,(rate-shift),0.029630849,0,,
2000,M,70,Exponential,(rate-shift),0.047662624,0,,
2000,M,75,Exponential,(rate-shift),0.075325993,0,,
2000,M,80,Exponential,(rate-shift),0.132089919,0,,
2001,M,0,Exponential,(rate-shift),0.011068564,0,,
2001,M,5,Exponential,(rate-shift),0.000662916,0,,
2001,M,10,Exponential,(rate-shift),0.000703771,0,,
2001,M,15,Exponential,(rate-shift),0.000680645,0,,
2001,M,20,Exponential,(rate-shift),0.000838584,0,,
2001,M,25,Exponential,(rate-shift),0.00226915,0,,
2001,M,30,Exponential,(rate-shift),0.005292652,0,,
2001,M,35,Exponential,(rate-shift),0.007692305,0,,
2001,M,40,Exponential,(rate-shift),0.008710495,0,,
2001,M,45,Exponential,(rate-shift),0.009935448,0,,
2001,M,50,Exponential,(rate-shift),0.012006179,0,,
2001,M,55,Exponential,(rate-shift),0.014255912,0,,
2001,M,60,Exponential,(rate-shift),0.018987763,0,,
2001,M,65,Exponential,(rate-shift),0.028465041,0,,
2001,M,70,Exponential,(rate-shift),0.044830908,0,,
2001,M,75,Exponential,(rate-shift),0.0737237,0,,
2001,M,80,Exponential,(rate-shift),0.129678982,0,,
2002,M,0,Exponential,(rate-shift),0.010727912,0,,
2002,M,5,Exponential,(rate-shift),0.000653788,0,,
2002,M,10,Exponential,(rate-shift),0.000763618,0,,
2002,M,15,Exponential,(rate-shift),0.000682342,0,,
2002,M,20,Exponential,(rate-shift),0.000559842,0,,
2002,M,25,Exponential,(rate-shift),0.001516816,0,,
2002,M,30,Exponential,(rate-shift),0.004621471,0,,
2002,M,35,Exponential,(rate-shift),0.007318891,0,,
2002,M,40,Exponential,(rate-shift),0.00846618,0,,
2002,M,45,Exponential,(rate-shift),0.009630859,0,,
2002,M,50,Exponential,(rate-shift),0.011536137,0,,
2002,M,55,Exponential,(rate-shift),0.013854246,0,,
2002,M,60,Exponential,(rate-shift),0.018379177,0,,
2002,M,65,Exponential,(rate-shift),0.027517723,0,,
2002,M,70,Exponential,(rate-shift),0.042774352,0,,
2002,M,75,Exponential,(rate-shift),0.07076864,0,,
2002,M,80,Exponential,(rate-shift),0.129850547,0,,
2003,M,0,Exponential,(rate-shift),0.010489299,0,,
2003,M,5,Exponential,(rate-shift),0.000664583,0,,
2003,M,10,Exponential,(rate-shift),0.000826945,0,,
2003,M,15,Exponential,(rate-shift),0.000702013,0,,
2003,M,20,Exponential,(rate-shift),0.000325538,0,,
2003,M,25,Exponential,(rate-shift),0.000796745,0,,
2003,M,30,Exponential,(rate-shift),0.003862598,0,,
2003,M,35,Exponential,(rate-shift),0.006939059,0,,
2003,M,40,Exponential,(rate-shift),0.008162518,0,,
2003,M,45,Exponential,(rate-shift),0.00929158,0,,
2003,M,50,Exponential,(rate-shift),0.010984286,0,,
2003,M,55,Exponential,(rate-shift),0.01335168,0,,
2003,M,60,Exponential,(rate-shift),0.017845896,0,,
2003,M,65,Exponential,(rate-shift),0.026564001,0,,
2003,M,70,Exponential,(rate-shift),0.041358718,0,,
2003,M,75,Exponential,(rate-shift),0.06643776,0,,
2003,M,80,Exponential,(rate-shift),0.131236347,0,,
2004,M,0,Exponential,(rate-shift),0.010366387,0,,
2004,M,5,Exponential,(rate-shift),0.000685602,0,,
2004,M,10,Exponential,(rate-shift),0.000895914,0,,
2004,M,15,Exponential,(rate-shift),0.000746269,0,,
2004,M,20,Exponential,(rate-shift),0.000175966,0,,
2004,M,25,Exponential,(rate-shift),0.000226921,0,,
2004,M,30,Exponential,(rate-shift),0.003311813,0,,
2004,M,35,Exponential,(rate-shift),0.006626574,0,,
2004,M,40,Exponential,(rate-shift),0.007975811,0,,
2004,M,45,Exponential,(rate-shift),0.008951779,0,,
2004,M,50,Exponential,(rate-shift),0.010518675,0,,
2004,M,55,Exponential,(rate-shift),0.012766825,0,,
2004,M,60,Exponential,(rate-shift),0.017453763,0,,
2004,M,65,Exponential,(rate-shift),0.025692933,0,,
2004,M,70,Exponential,(rate-shift),0.040570448,0,,
2004,M,75,Exponential,(rate-shift),0.062006289,0,,
2004,M,80,Exponential,(rate-shift),0.132992371,0,,
2005,M,0,Exponential,(rate-shift),0.010285027,0,,
2005,M,5,Exponential,(rate-shift),0.000718333,0,,
2005,M,10,Exponential,(rate-shift),0.000970069,0,,
2005,M,15,Exponential,(rate-shift),0.000794316,0,,
2005,M,20,Exponential,(rate-shift),0.000140294,0,,
2005,M,25,Exponential,(rate-shift),9.27E-05,0,,
2005,M,30,Exponential,(rate-shift),0.00308254,0,,
2005,M,35,Exponential,(rate-shift),0.006731995,0,,
2005,M,40,Exponential,(rate-shift),0.008095699,0,,
2005,M,45,Exponential,(rate-shift),0.008840216,0,,
2005,M,50,Exponential,(rate-shift),0.010249869,0,,
2005,M,55,Exponential,(rate-shift),0.01228647,0,,
2005,M,60,Exponential,(rate-shift),0.017215584,0,,
2005,M,65,Exponential,(rate-shift),0.025024484,0,,
2005,M,70,Exponential,(rate-shift),0.039945323,0,,
2005,M,75,Exponential,(rate-shift),0.058528941,0,,
2005,M,80,Exponential,(rate-shift),0.133104947,0,,
2006,M,0,Exponential,(rate-shift),0.010180115,0,,
2006,M,5,Exponential,(rate-shift),0.000770377,0,,
2006,M,10,Exponential,(rate-shift),0.001058025,0,,
2006,M,15,Exponential,(rate-shift),0.000846693,0,,
2006,M,20,Exponential,(rate-shift),0.000180977,0,,
2006,M,25,Exponential,(rate-shift),0.000113078,0,,
2006,M,30,Exponential,(rate-shift),0.003316553,0,,
2006,M,35,Exponential,(rate-shift),0.007203304,0,,
2006,M,40,Exponential,(rate-shift),0.00845145,0,,
2006,M,45,Exponential,(rate-shift),0.008954907,0,,
2006,M,50,Exponential,(rate-shift),0.010096116,0,,
2006,M,55,Exponential,(rate-shift),0.011964671,0,,
2006,M,60,Exponential,(rate-shift),0.017142639,0,,
2006,M,65,Exponential,(rate-shift),0.024856715,0,,
2006,M,70,Exponential,(rate-shift),0.039655232,0,,
2006,M,75,Exponential,(rate-shift),0.056476186,0,,
2006,M,80,Exponential,(rate-shift),0.127793278,0,,
2007,M,0,Exponential,(rate-shift),0.010192585,0,,
2007,M,5,Exponential,(rate-shift),0.000841214,0,,
2007,M,10,Exponential,(rate-shift),0.001176584,0,,
2007,M,15,Exponential,(rate-shift),0.000916831,0,,
2007,M,20,Exponential,(rate-shift),0.000367867,0,,
2007,M,25,Exponential,(rate-shift),0.000448688,0,,
2007,M,30,Exponential,(rate-shift),0.004072937,0,,
2007,M,35,Exponential,(rate-shift),0.008126336,0,,
2007,M,40,Exponential,(rate-shift),0.00929508,0,,
2007,M,45,Exponential,(rate-shift),0.009355586,0,,
2007,M,50,Exponential,(rate-shift),0.010204961,0,,
2007,M,55,Exponential,(rate-shift),0.011917344,0,,
2007,M,60,Exponential,(rate-shift),0.017062556,0,,
2007,M,65,Exponential,(rate-shift),0.025120294,0,,
2007,M,70,Exponential,(rate-shift),0.039265122,0,,
2007,M,75,Exponential,(rate-shift),0.056264674,0,,
2007,M,80,Exponential,(rate-shift),0.119991652,0,,
2008,M,0,Exponential,(rate-shift),0.01013856,0,,
2008,M,5,Exponential,(rate-shift),0.000909277,0,,
2008,M,10,Exponential,(rate-shift),0.001316666,0,,
2008,M,15,Exponential,(rate-shift),0.000978416,0,,
2008,M,20,Exponential,(rate-shift),0.000548701,0,,
2008,M,25,Exponential,(rate-shift),0.00077482,0,,
2008,M,30,Exponential,(rate-shift),0.004904272,0,,
2008,M,35,Exponential,(rate-shift),0.008957784,0,,
2008,M,40,Exponential,(rate-shift),0.010223552,0,,
2008,M,45,Exponential,(rate-shift),0.009794029,0,,
2008,M,50,Exponential,(rate-shift),0.010418338,0,,
2008,M,55,Exponential,(rate-shift),0.011973732,0,,
2008,M,60,Exponential,(rate-shift),0.017052491,0,,
2008,M,65,Exponential,(rate-shift),0.025698265,0,,
2008,M,70,Exponential,(rate-shift),0.038856014,0,,
2008,M,75,Exponential,(rate-shift),0.057597015,0,,
2008,M,80,Exponential,(rate-shift),0.111365603,0,,
2009,M,0,Exponential,(rate-shift),0.01028952,0,,
2009,M,5,Exponential,(rate-shift),0.00100328,0,,
2009,M,10,Exponential,(rate-shift),0.001460943,0,,
2009,M,15,Exponential,(rate-shift),0.001012137,0,,
2009,M,20,Exponential,(rate-shift),0.000587562,0,,
2009,M,25,Exponential,(rate-shift),0.000658822,0,,
2009,M,30,Exponential,(rate-shift),0.005013585,0,,
2009,M,35,Exponential,(rate-shift),0.009225939,0,,
2009,M,40,Exponential,(rate-shift),0.010547023,0,,
2009,M,45,Exponential,(rate-shift),0.009754086,0,,
2009,M,50,Exponential,(rate-shift),0.010256277,0,,
2009,M,55,Exponential,(rate-shift),0.011874782,0,,
2009,M,60,Exponential,(rate-shift),0.016845248,0,,
2009,M,65,Exponential,(rate-shift),0.026170905,0,,
2009,M,70,Exponential,(rate-shift),0.038393591,0,,
2009,M,75,Exponential,(rate-shift),0.059319904,0,,
2009,M,80,Exponential,(rate-shift),0.103815216,0,,
2010,M,0,Exponential,(rate-shift),0.010611112,0,,
2010,M,5,Exponential,(rate-shift),0.001139855,0,,
2010,M,10,Exponential,(rate-shift),0.00166071,0,,
2010,M,15,Exponential,(rate-shift),0.001040687,0,,
2010,M,20,Exponential,(rate-shift),0.000567402,0,,
2010,M,25,Exponential,(rate-shift),0.000362421,0,,
2010,M,30,Exponential,(rate-shift),0.004842873,0,,
2010,M,35,Exponential,(rate-shift),0.009032377,0,,
2010,M,40,Exponential,(rate-shift),0.010522501,0,,
2010,M,45,Exponential,(rate-shift),0.009434129,0,,
2010,M,50,Exponential,(rate-shift),0.00985578,0,,
2010,M,55,Exponential,(rate-shift),0.01150684,0,,
2010,M,60,Exponential,(rate-shift),0.016407615,0,,
2010,M,65,Exponential,(rate-shift),0.026210522,0,,
2010,M,70,Exponential,(rate-shift),0.038033188,0,,
2010,M,75,Exponential,(rate-shift),0.060185264,0,,
2010,M,80,Exponential,(rate-shift),0.09822474,0,,
2011,M,0,Exponential,(rate-shift),0.010468473,0,,
2011,M,5,Exponential,(rate-shift),0.001218227,0,,
2011,M,10,Exponential,(rate-shift),0.001851526,0,,
2011,M,15,Exponential,(rate-shift),0.001096194,0,,
2011,M,20,Exponential,(rate-shift),0.000654737,0,,
2011,M,25,Exponential,(rate-shift),0.000675535,0,,
2011,M,30,Exponential,(rate-shift),0.005346785,0,,
2011,M,35,Exponential,(rate-shift),0.009766926,0,,
2011,M,40,Exponential,(rate-shift),0.011164981,0,,
2011,M,45,Exponential,(rate-shift),0.00983378,0,,
2011,M,50,Exponential,(rate-shift),0.009896387,0,,
2011,M,55,Exponential,(rate-shift),0.011353845,0,,
2011,M,60,Exponential,(rate-shift),0.01619007,0,,
2011,M,65,Exponential,(rate-shift),0.026073042,0,,
2011,M,70,Exponential,(rate-shift),0.038537718,0,,
2011,M,75,Exponential,(rate-shift),0.061577802,0,,
2011,M,80,Exponential,(rate-shift),0.098305358,0,,
2012,M,0,Exponential,(rate-shift),0.010182466,0,,
2012,M,5,Exponential,(rate-shift),0.001253757,0,,
2012,M,10,Exponential,(rate-shift),0.002020092,0,,
2012,M,15,Exponential,(rate-shift),0.001199237,0,,
2012,M,20,Exponential,(rate-shift),0.000864018,0,,
2012,M,25,Exponential,(rate-shift),0.001566194,0,,
2012,M,30,Exponential,(rate-shift),0.006404623,0,,
2012,M,35,Exponential,(rate-shift),0.011237932,0,,
2012,M,40,Exponential,(rate-shift),0.012395736,0,,
2012,M,45,Exponential,(rate-shift),0.010955015,0,,
2012,M,50,Exponential,(rate-shift),0.010499911,0,,
2012,M,55,Exponential,(rate-shift),0.011814725,0,,
2012,M,60,Exponential,(rate-shift),0.016606749,0,,
2012,M,65,Exponential,(rate-shift),0.026184816,0,,
2012,M,70,Exponential,(rate-shift),0.039768274,0,,
2012,M,75,Exponential,(rate-shift),0.061876696,0,,
2012,M,80,Exponential,(rate-shift),0.100749644,0,,
2013,M,0,Exponential,(rate-shift),0.009922903,0,,
2013,M,5,Exponential,(rate-shift),0.001268261,0,,
2013,M,10,Exponential,(rate-shift),0.00214499,0,,
2013,M,15,Exponential,(rate-shift),0.001318621,0,,
2013,M,20,Exponential,(rate-shift),0.001022437,0,,
2013,M,25,Exponential,(rate-shift),0.002187044,0,,
2013,M,30,Exponential,(rate-shift),0.006933186,0,,
2013,M,35,Exponential,(rate-shift),0.012255653,0,,
2013,M,40,Exponential,(rate-shift),0.01321983,0,,
2013,M,45,Exponential,(rate-shift),0.011887877,0,,
2013,M,50,Exponential,(rate-shift),0.01108838,0,,
2013,M,50,Exponential,(rate-shift),0.01108838,0,,
2013,M,55,Exponential,(rate-shift),0.012533366,0,,
2013,M,55,Exponential,(rate-shift),0.012533366,0,,
2013,M,60,Exponential,(rate-shift),0.017337566,0,,
2013,M,65,Exponential,(rate-shift),0.026547198,0,,
2013,M,70,Exponential,(rate-shift),0.041285685,0,,
2013,M,75,Exponential,(rate-shift),0.061776255,0,,
2013,M,80,Exponential,(rate-shift),0.104798098,0,,
2014,M,0,Exponential,(rate-shift),0.009605396,0,,
2014,M,5,Exponential,(rate-shift),0.00123212,0,,
2014,M,10,Exponential,(rate-shift),0.002185791,0,,
2014,M,15,Exponential,(rate-shift),0.001372873,0,,
2014,M,20,Exponential,(rate-shift),0.00100209,0,,
2014,M,25,Exponential,(rate-shift),0.002099177,0,,
2014,M,30,Exponential,(rate-shift),0.006593767,0,,
2014,M,35,Exponential,(rate-shift),0.012019937,0,,
2014,M,40,Exponential,(rate-shift),0.01313508,0,,
2014,M,45,Exponential,(rate-shift),0.011919393,0,,
2014,M,50,Exponential,(rate-shift),0.010983039,0,,
2014,M,55,Exponential,(rate-shift),0.012348375,0,,
2014,M,60,Exponential,(rate-shift),0.017135574,0,,
2014,M,65,Exponential,(rate-shift),0.026041231,0,,
2014,M,70,Exponential,(rate-shift),0.04144879,0,,
2014,M,75,Exponential,(rate-shift),0.061034983,0,,
2014,M,80,Exponential,(rate-shift),0.108729541,0,,
2015,M,0,Exponential,(rate-shift),0.009267533,0,,
2015,M,5,Exponential,(rate-shift),0.001190396,0,,
2015,M,10,Exponential,(rate-shift),0.002201588,0,,
2015,M,15,Exponential,(rate-shift),0.001422239,0,,
2015,M,20,Exponential,(rate-shift),0.000984426,0,,
2015,M,25,Exponential,(rate-shift),0.002024679,0,,
2015,M,30,Exponential,(rate-shift),0.006316196,0,,
2015,M,35,Exponential,(rate-shift),0.011711651,0,,
2015,M,40,Exponential,(rate-shift),0.013079851,0,,
2015,M,45,Exponential,(rate-shift),0.011947401,0,,
2015,M,50,Exponential,(rate-shift),0.010945491,0,,
2015,M,55,Exponential,(rate-shift),0.012198608,0,,
2015,M,60,Exponential,(rate-shift),0.016930238,0,,
2015,M,65,Exponential,(rate-shift),0.025624689,0,,
2015,M,70,Exponential,(rate-shift),0.041161693,0,,
2015,M,75,Exponential,(rate-shift),0.060776324,0,,
2015,M,80,Exponential,(rate-shift),0.112779696,0,,
2016,M,0,Exponential,(rate-shift),0.008998129,0,,
2016,M,5,Exponential,(rate-shift),0.001142295,0,,
2016,M,10,Exponential,(rate-shift),0.002183614,0,,
2016,M,15,Exponential,(rate-shift),0.001458821,0,,
2016,M,20,Exponential,(rate-shift),0.000971489,0,,
2016,M,25,Exponential,(rate-shift),0.00197017,0,,
2016,M,30,Exponential,(rate-shift),0.006110141,0,,
2016,M,35,Exponential,(rate-shift),0.011367328,0,,
2016,M,40,Exponential,(rate-shift),0.013014715,0,,
2016,M,45,Exponential,(rate-shift),0.011945842,0,,
2016,M,50,Exponential,(rate-shift),0.010934738,0,,
2016,M,55,Exponential,(rate-shift),0.012059288,0,,
2016,M,60,Exponential,(rate-shift),0.016727926,0,,
2016,M,65,Exponential,(rate-shift),0.025313655,0,,
2016,M,70,Exponential,(rate-shift),0.040593463,0,,
2016,M,75,Exponential,(rate-shift),0.060782437,0,,
2016,M,80,Exponential,(rate-shift),0.112063256,0,,
2017,M,0,Exponential,(rate-shift),0.008637767,0,,
2017,M,5,Exponential,(rate-shift),0.001094717,0,,
2017,M,10,Exponential,(rate-shift),0.002141082,0,,
2017,M,15,Exponential,(rate-shift),0.001485156,0,,
2017,M,20,Exponential,(rate-shift),0.000961562,0,,
2017,M,25,Exponential,(rate-shift),0.001929141,0,,
2017,M,30,Exponential,(rate-shift),0.005947208,0,,
2017,M,35,Exponential,(rate-shift),0.010992296,0,,
2017,M,40,Exponential,(rate-shift),0.012994495,0,,
2017,M,45,Exponential,(rate-shift),0.011941534,0,,
2017,M,50,Exponential,(rate-shift),0.010990499,0,,
2017,M,55,Exponential,(rate-shift),0.011943166,0,,
2017,M,60,Exponential,(rate-shift),0.016533995,0,,
2017,M,65,Exponential,(rate-shift),0.025064044,0,,
2017,M,70,Exponential,(rate-shift),0.039817795,0,,
2017,M,75,Exponential,(rate-shift),0.061147157,0,,
2017,M,80,Exponential,(rate-shift),0.112063544,0,,
2018,M,0,Exponential,(rate-shift),0.008236454,0,,
2018,M,5,Exponential,(rate-shift),0.001047197,0,,
2018,M,10,Exponential,(rate-shift),0.002075726,0,,
2018,M,15,Exponential,(rate-shift),0.001499425,0,,
2018,M,20,Exponential,(rate-shift),0.000953455,0,,
2018,M,25,Exponential,(rate-shift),0.001898616,0,,
2018,M,30,Exponential,(rate-shift),0.005818036,0,,
2018,M,35,Exponential,(rate-shift),0.01062395,0,,
2018,M,40,Exponential,(rate-shift),0.012976295,0,,
2018,M,45,Exponential,(rate-shift),0.011934984,0,,
2018,M,50,Exponential,(rate-shift),0.011087483,0,,
2018,M,55,Exponential,(rate-shift),0.011853947,0,,
2018,M,60,Exponential,(rate-shift),0.016347693,0,,
2018,M,65,Exponential,(rate-shift),0.024833058,0,,
2018,M,70,Exponential,(rate-shift),0.038980542,0,,
2018,M,75,Exponential,(rate-shift),0.061481444,0,,
2018,M,80,Exponential,(rate-shift),0.112333957,0,,
2019,M,0,Exponential,(rate-shift),0.007863174,0,,
2019,M,5,Exponential,(rate-shift),0.000996217,0,,
2019,M,10,Exponential,(rate-shift),0.001993365,0,,
2019,M,15,Exponential,(rate-shift),0.001499239,0,,
2019,M,20,Exponential,(rate-shift),0.000945378,0,,
2019,M,25,Exponential,(rate-shift),0.001874121,0,,
2019,M,30,Exponential,(rate-shift),0.005712638,0,,
2019,M,35,Exponential,(rate-shift),0.010302639,0,,
2019,M,40,Exponential,(rate-shift),0.012891232,0,,
2019,M,45,Exponential,(rate-shift),0.011932825,0,,
2019,M,50,Exponential,(rate-shift),0.011182906,0,,
2019,M,55,Exponential,(rate-shift),0.01179806,0,,
2019,M,60,Exponential,(rate-shift),0.016164799,0,,
2019,M,65,Exponential,(rate-shift),0.024569386,0,,
2019,M,70,Exponential,(rate-shift),0.03820852,0,,
2019,M,75,Exponential,(rate-shift),0.061308368,0,,
2019,M,80,Exponential,(rate-shift),0.113649966,0,,
2020,M,0,Exponential,(rate-shift),0.007557592,0,,
2020,M,5,Exponential,(rate-shift),0.000937808,0,,
2020,M,10,Exponential,(rate-shift),0.001902565,0,,
2020,M,15,Exponential,(rate-shift),0.001483874,0,,
2020,M,20,Exponential,(rate-shift),0.000936157,0,,
2020,M,25,Exponential,(rate-shift),0.001852463,0,,
2020,M,30,Exponential,(rate-shift),0.005625428,0,,
2020,M,35,Exponential,(rate-shift),0.010040902,0,,
2020,M,40,Exponential,(rate-shift),0.012701771,0,,
2020,M,45,Exponential,(rate-shift),0.011938212,0,,
2020,M,50,Exponential,(rate-shift),0.011248637,0,,
2020,M,55,Exponential,(rate-shift),0.01178149,0,,
2020,M,60,Exponential,(rate-shift),0.015986531,0,,
2020,M,65,Exponential,(rate-shift),0.024257538,0,,
2020,M,70,Exponential,(rate-shift),0.037533145,0,,
2020,M,75,Exponential,(rate-shift),0.060472958,0,,
2020,M,80,Exponential,(rate-shift),0.115930815,0,,
2021,M,0,Exponential,(rate-shift),0.00725199,0,,
2021,M,5,Exponential,(rate-shift),0.000872515,0,,
2021,M,10,Exponential,(rate-shift),0.001805858,0,,
2021,M,15,Exponential,(rate-shift),0.001451686,0,,
2021,M,20,Exponential,(rate-shift),0.000928206,0,,
2021,M,25,Exponential,(rate-shift),0.001842596,0,,
2021,M,30,Exponential,(rate-shift),0.005585593,0,,
2021,M,35,Exponential,(rate-shift),0.009846741,0,,
2021,M,40,Exponential,(rate-shift),0.012407215,0,,
2021,M,45,Exponential,(rate-shift),0.011930866,0,,
2021,M,50,Exponential,(rate-shift),0.011260799,0,,
2021,M,55,Exponential,(rate-shift),0.011804331,0,,
2021,M,60,Exponential,(rate-shift),0.015846393,0,,
2021,M,65,Exponential,(rate-shift),0.024020828,0,,
2021,M,70,Exponential,(rate-shift),0.037075946,0,,
2021,M,75,Exponential,(rate-shift),0.059438513,0,,
2021,M,80,Exponential,(rate-shift),0.114402943,0,,
2022,M,0,Exponential,(rate-shift),0.007024763,0,,
2022,M,5,Exponential,(rate-shift),0.000804305,0,,
2022,M,10,Exponential,(rate-shift),0.001703833,0,,
2022,M,15,Exponential,(rate-shift),0.001403899,0,,
2022,M,20,Exponential,(rate-shift),0.000917341,0,,
2022,M,25,Exponential,(rate-shift),0.001833649,0,,
2022,M,30,Exponential,(rate-shift),0.005560443,0,,
2022,M,35,Exponential,(rate-shift),0.009684242,0,,
2022,M,40,Exponential,(rate-shift),0.012041671,0,,
2022,M,45,Exponential,(rate-shift),0.011926667,0,,
2022,M,50,Exponential,(rate-shift),0.011233217,0,,
2022,M,55,Exponential,(rate-shift),0.011854601,0,,
2022,M,60,Exponential,(rate-shift),0.015687457,0,,
2022,M,65,Exponential,(rate-shift),0.02374085,0,,
2022,M,70,Exponential,(rate-shift),0.036655138,0,,
2022,M,75,Exponential,(rate-shift),0.058126387,0,,
2022,M,80,Exponential,(rate-shift),0.11338829,0,,
2023,M,0,Exponential,(rate-shift),0.006856088,0,,
2023,M,5,Exponential,(rate-shift),0.000735929,0,,
2023,M,10,Exponential,(rate-shift),0.001595738,0,,
2023,M,15,Exponential,(rate-shift),0.001345583,0,,
2023,M,20,Exponential,(rate-shift),0.000903193,0,,
2023,M,25,Exponential,(rate-shift),0.001823334,0,,
2023,M,30,Exponential,(rate-shift),0.005540755,0,,
2023,M,35,Exponential,(rate-shift),0.009544066,0,,
2023,M,40,Exponential,(rate-shift),0.011658573,0,,
2023,M,45,Exponential,(rate-shift),0.011885756,0,,
2023,M,50,Exponential,(rate-shift),0.011180497,0,,
2023,M,55,Exponential,(rate-shift),0.011910429,0,,
2023,M,60,Exponential,(rate-shift),0.01552925,0,,
2023,M,65,Exponential,(rate-shift),0.023428149,0,,
2023,M,70,Exponential,(rate-shift),0.036236374,0,,
2023,M,75,Exponential,(rate-shift),0.056741289,0,,
2023,M,80,Exponential,(rate-shift),0.113059276,0,,
2024,M,0,Exponential,(rate-shift),0.006709235,0,,
2024,M,5,Exponential,(rate-shift),0.000670981,0,,
2024,M,10,Exponential,(rate-shift),0.001479607,0,,
2024,M,15,Exponential,(rate-shift),0.001282587,0,,
2024,M,20,Exponential,(rate-shift),0.000885902,0,,
2024,M,25,Exponential,(rate-shift),0.001809099,0,,
2024,M,30,Exponential,(rate-shift),0.005517057,0,,
2024,M,35,Exponential,(rate-shift),0.009420562,0,,
2024,M,40,Exponential,(rate-shift),0.011315216,0,,
2024,M,45,Exponential,(rate-shift),0.011760679,0,,
2024,M,50,Exponential,(rate-shift),0.011123965,0,,
2024,M,55,Exponential,(rate-shift),0.011942369,0,,
2024,M,60,Exponential,(rate-shift),0.015401401,0,,
2024,M,65,Exponential,(rate-shift),0.023105507,0,,
2024,M,70,Exponential,(rate-shift),0.035784865,0,,
2024,M,75,Exponential,(rate-shift),0.055496768,0,,
2024,M,80,Exponential,(rate-shift),0.113448541,0,,
2025,M,0,Exponential,(rate-shift),0.006559351,0,,
2025,M,5,Exponential,(rate-shift),0.000611972,0,,
2025,M,10,Exponential,(rate-shift),0.001355645,0,,
2025,M,15,Exponential,(rate-shift),0.001218612,0,,
2025,M,20,Exponential,(rate-shift),0.000865988,0,,
2025,M,25,Exponential,(rate-shift),0.001789113,0,,
2025,M,30,Exponential,(rate-shift),0.005483867,0,,
2025,M,35,Exponential,(rate-shift),0.009310297,0,,
2025,M,40,Exponential,(rate-shift),0.011030904,0,,
2025,M,45,Exponential,(rate-shift),0.011537612,0,,
2025,M,50,Exponential,(rate-shift),0.011070103,0,,
2025,M,55,Exponential,(rate-shift),0.011935945,0,,
2025,M,60,Exponential,(rate-shift),0.015319694,0,,
2025,M,65,Exponential,(rate-shift),0.02279034,0,,
2025,M,70,Exponential,(rate-shift),0.035282615,0,,
2025,M,75,Exponential,(rate-shift),0.054447738,0,,
2025,M,80,Exponential,(rate-shift),0.114347482,0,,
2026,M,0,Exponential,(rate-shift),0.006433664,0,,
2026,M,5,Exponential,(rate-shift),0.000558806,0,,
2026,M,10,Exponential,(rate-shift),0.001227921,0,,
2026,M,15,Exponential,(rate-shift),0.001152116,0,,
2026,M,20,Exponential,(rate-shift),0.000844479,0,,
2026,M,25,Exponential,(rate-shift),0.001769046,0,,
2026,M,30,Exponential,(rate-shift),0.00546188,0,,
2026,M,35,Exponential,(rate-shift),0.009221402,0,,
2026,M,40,Exponential,(rate-shift),0.010751589,0,,
2026,M,45,Exponential,(rate-shift),0.01120344,0,,
2026,M,50,Exponential,(rate-shift),0.010972093,0,,
2026,M,55,Exponential,(rate-shift),0.011882436,0,,
2026,M,60,Exponential,(rate-shift),0.015297606,0,,
2026,M,65,Exponential,(rate-shift),0.02255791,0,,
2026,M,70,Exponential,(rate-shift),0.034876657,0,,
2026,M,75,Exponential,(rate-shift),0.053742942,0,,
2026,M,80,Exponential,(rate-shift),0.111222245,0,,
2027,M,0,Exponential,(rate-shift),0.006296491,0,,
2027,M,5,Exponential,(rate-shift),0.000511717,0,,
2027,M,10,Exponential,(rate-shift),0.001102031,0,,
2027,M,15,Exponential,(rate-shift),0.001087013,0,,
2027,M,20,Exponential,(rate-shift),0.000819207,0,,
2027,M,25,Exponential,(rate-shift),0.001742399,0,,
2027,M,30,Exponential,(rate-shift),0.005433125,0,,
2027,M,35,Exponential,(rate-shift),0.009150566,0,,
2027,M,40,Exponential,(rate-shift),0.010509397,0,,
2027,M,45,Exponential,(rate-shift),0.010807305,0,,
2027,M,50,Exponential,(rate-shift),0.010878488,0,,
2027,M,55,Exponential,(rate-shift),0.011785708,0,,
2027,M,60,Exponential,(rate-shift),0.015311918,0,,
2027,M,65,Exponential,(rate-shift),0.022306208,0,,
2027,M,70,Exponential,(rate-shift),0.034439941,0,,
2027,M,75,Exponential,(rate-shift),0.053150731,0,,
2027,M,80,Exponential,(rate-shift),0.109008143,0,,
2028,M,0,Exponential,(rate-shift),0.006152554,0,,
2028,M,5,Exponential,(rate-shift),0.000470811,0,,
2028,M,10,Exponential,(rate-shift),0.000982517,0,,
2028,M,15,Exponential,(rate-shift),0.001022881,0,,
2028,M,20,Exponential,(rate-shift),0.000792013,0,,
2028,M,25,Exponential,(rate-shift),0.001708873,0,,
2028,M,30,Exponential,(rate-shift),0.005390129,0,,
2028,M,35,Exponential,(rate-shift),0.00908347,0,,
2028,M,40,Exponential,(rate-shift),0.010299872,0,,
2028,M,45,Exponential,(rate-shift),0.010394934,0,,
2028,M,50,Exponential,(rate-shift),0.010760769,0,,
2028,M,55,Exponential,(rate-shift),0.011659969,0,,
2028,M,60,Exponential,(rate-shift),0.015335682,0,,
2028,M,65,Exponential,(rate-shift),0.022055754,0,,
2028,M,70,Exponential,(rate-shift),0.033985439,0,,
2028,M,75,Exponential,(rate-shift),0.052572592,0,,
2028,M,80,Exponential,(rate-shift),0.107550512,0,,
2029,M,0,Exponential,(rate-shift),0.006016129,0,,
2029,M,5,Exponential,(rate-shift),0.00043568,0,,
2029,M,10,Exponential,(rate-shift),0.000873962,0,,
2029,M,15,Exponential,(rate-shift),0.000958017,0,,
2029,M,20,Exponential,(rate-shift),0.000765355,0,,
2029,M,25,Exponential,(rate-shift),0.001668346,0,,
2029,M,30,Exponential,(rate-shift),0.005323845,0,,
2029,M,35,Exponential,(rate-shift),0.009002706,0,,
2029,M,40,Exponential,(rate-shift),0.010114205,0,,
2029,M,45,Exponential,(rate-shift),0.010017215,0,,
2029,M,50,Exponential,(rate-shift),0.010575106,0,,
2029,M,55,Exponential,(rate-shift),0.011525848,0,,
2029,M,60,Exponential,(rate-shift),0.015325414,0,,
2029,M,65,Exponential,(rate-shift),0.021839625,0,,
2029,M,70,Exponential,(rate-shift),0.033522016,0,,
2029,M,75,Exponential,(rate-shift),0.051924021,0,,
2029,M,80,Exponential,(rate-shift),0.106724908,0,,
2030,M,0,Exponential,(rate-shift),0.005895127,0,,
2030,M,5,Exponential,(rate-shift),0.000405235,0,,
2030,M,10,Exponential,(rate-shift),0.000777816,0,,
2030,M,15,Exponential,(rate-shift),0.000891811,0,,
2030,M,20,Exponential,(rate-shift),0.000740833,0,,
2030,M,25,Exponential,(rate-shift),0.001621538,0,,
2030,M,30,Exponential,(rate-shift),0.005229932,0,,
2030,M,35,Exponential,(rate-shift),0.008898548,0,,
2030,M,40,Exponential,(rate-shift),0.009945095,0,,
2030,M,45,Exponential,(rate-shift),0.009697404,0,,
2030,M,50,Exponential,(rate-shift),0.010304929,0,,
2030,M,55,Exponential,(rate-shift),0.011394426,0,,
2030,M,60,Exponential,(rate-shift),0.01525794,0,,
2030,M,65,Exponential,(rate-shift),0.021678744,0,,
2030,M,70,Exponential,(rate-shift),0.033052171,0,,
2030,M,75,Exponential,(rate-shift),0.051182583,0,,
2030,M,80,Exponential,(rate-shift),0.106520785,0,,
2031,M,0,Exponential,(rate-shift),0.005773847,0,,
2031,M,5,Exponential,(rate-shift),0.00037879,0,,
2031,M,10,Exponential,(rate-shift),0.000693416,0,,
2031,M,15,Exponential,(rate-shift),0.000825915,0,,
2031,M,20,Exponential,(rate-shift),0.00071968,0,,
2031,M,25,Exponential,(rate-shift),0.001574501,0,,
2031,M,30,Exponential,(rate-shift),0.005129955,0,,
2031,M,35,Exponential,(rate-shift),0.008784259,0,,
2031,M,40,Exponential,(rate-shift),0.009766302,0,,
2031,M,45,Exponential,(rate-shift),0.009396741,0,,
2031,M,50,Exponential,(rate-shift),0.00994142,0,,
2031,M,55,Exponential,(rate-shift),0.011260207,0,,
2031,M,60,Exponential,(rate-shift),0.015169973,0,,
2031,M,65,Exponential,(rate-shift),0.021661194,0,,
2031,M,70,Exponential,(rate-shift),0.032720952,0,,
2031,M,75,Exponential,(rate-shift),0.050659063,0,,
2031,M,80,Exponential,(rate-shift),0.103973119,0,,
2032,M,0,Exponential,(rate-shift),0.005668239,0,,
2032,M,5,Exponential,(rate-shift),0.000356099,0,,
2032,M,10,Exponential,(rate-shift),0.00062017,0,,
2032,M,15,Exponential,(rate-shift),0.000761825,0,,
2032,M,20,Exponential,(rate-shift),0.000700295,0,,
2032,M,25,Exponential,(rate-shift),0.00152104,0,,
2032,M,30,Exponential,(rate-shift),0.005009498,0,,
2032,M,35,Exponential,(rate-shift),0.008658716,0,,
2032,M,40,Exponential,(rate-shift),0.009608088,0,,
2032,M,45,Exponential,(rate-shift),0.0091301,0,,
2032,M,50,Exponential,(rate-shift),0.009528192,0,,
2032,M,55,Exponential,(rate-shift),0.011129224,0,,
2032,M,60,Exponential,(rate-shift),0.015024848,0,,
2032,M,65,Exponential,(rate-shift),0.021687927,0,,
2032,M,70,Exponential,(rate-shift),0.032351463,0,,
2032,M,75,Exponential,(rate-shift),0.050087441,0,,
2032,M,80,Exponential,(rate-shift),0.102161487,0,,
2033,M,0,Exponential,(rate-shift),0.005575122,0,,
2033,M,5,Exponential,(rate-shift),0.000336694,0,,
2033,M,10,Exponential,(rate-shift),0.000557525,0,,
2033,M,15,Exponential,(rate-shift),0.000702033,0,,
2033,M,20,Exponential,(rate-shift),0.000681462,0,,
2033,M,25,Exponential,(rate-shift),0.001465224,0,,
2033,M,30,Exponential,(rate-shift),0.004869821,0,,
2033,M,35,Exponential,(rate-shift),0.008513372,0,,
2033,M,40,Exponential,(rate-shift),0.009462706,0,,
2033,M,45,Exponential,(rate-shift),0.008892134,0,,
2033,M,50,Exponential,(rate-shift),0.009112708,0,,
2033,M,55,Exponential,(rate-shift),0.010971403,0,,
2033,M,60,Exponential,(rate-shift),0.014845364,0,,
2033,M,65,Exponential,(rate-shift),0.021715989,0,,
2033,M,70,Exponential,(rate-shift),0.03198654,0,,
2033,M,75,Exponential,(rate-shift),0.049460832,0,,
2033,M,80,Exponential,(rate-shift),0.101053741,0,,
2034,M,0,Exponential,(rate-shift),0.00548782,0,,
2034,M,5,Exponential,(rate-shift),0.000320282,0,,
2034,M,10,Exponential,(rate-shift),0.000504688,0,,
2034,M,15,Exponential,(rate-shift),0.00064886,0,,
2034,M,20,Exponential,(rate-shift),0.000661361,0,,
2034,M,25,Exponential,(rate-shift),0.001412156,0,,
2034,M,30,Exponential,(rate-shift),0.004713335,0,,
2034,M,35,Exponential,(rate-shift),0.00833866,0,,
2034,M,40,Exponential,(rate-shift),0.009317209,0,,
2034,M,45,Exponential,(rate-shift),0.008679037,0,,
2034,M,50,Exponential,(rate-shift),0.008742006,0,,
2034,M,55,Exponential,(rate-shift),0.010746805,0,,
2034,M,60,Exponential,(rate-shift),0.014660868,0,,
2034,M,65,Exponential,(rate-shift),0.021688077,0,,
2034,M,70,Exponential,(rate-shift),0.03168298,0,,
2034,M,75,Exponential,(rate-shift),0.048795509,0,,
2034,M,80,Exponential,(rate-shift),0.100574243,0,,
2035,M,0,Exponential,(rate-shift),0.005401652,0,,
2035,M,5,Exponential,(rate-shift),0.000306689,0,,
2035,M,10,Exponential,(rate-shift),0.000460376,0,,
2035,M,15,Exponential,(rate-shift),0.000602679,0,,
2035,M,20,Exponential,(rate-shift),0.000639256,0,,
2035,M,25,Exponential,(rate-shift),0.001364428,0,,
2035,M,30,Exponential,(rate-shift),0.004543231,0,,
2035,M,35,Exponential,(rate-shift),0.008129378,0,,
2035,M,40,Exponential,(rate-shift),0.009161174,0,,
2035,M,45,Exponential,(rate-shift),0.008490142,0,,
2035,M,50,Exponential,(rate-shift),0.008432609,0,,
2035,M,55,Exponential,(rate-shift),0.010445052,0,,
2035,M,60,Exponential,(rate-shift),0.014482326,0,,
2035,M,65,Exponential,(rate-shift),0.021577538,0,,
2035,M,70,Exponential,(rate-shift),0.031463165,0,,
2035,M,75,Exponential,(rate-shift),0.048111233,0,,
2035,M,80,Exponential,(rate-shift),0.100600094,0,,
2036,M,0,Exponential,(rate-shift),0.00531402,0,,
2036,M,5,Exponential,(rate-shift),0.000295369,0,,
2036,M,10,Exponential,(rate-shift),0.000423559,0,,
2036,M,15,Exponential,(rate-shift),0.000562597,0,,
2036,M,20,Exponential,(rate-shift),0.000617006,0,,
2036,M,25,Exponential,(rate-shift),0.001324999,0,,
2036,M,30,Exponential,(rate-shift),0.004374141,0,,
2036,M,35,Exponential,(rate-shift),0.00789613,0,,
2036,M,40,Exponential,(rate-shift),0.008973964,0,,
2036,M,45,Exponential,(rate-shift),0.008305863,0,,
2036,M,50,Exponential,(rate-shift),0.008146537,0,,
2036,M,55,Exponential,(rate-shift),0.01008602,0,,
2036,M,60,Exponential,(rate-shift),0.014335358,0,,
2036,M,65,Exponential,(rate-shift),0.021491106,0,,
2036,M,70,Exponential,(rate-shift),0.031461699,0,,
2036,M,75,Exponential,(rate-shift),0.047680695,0,,
2036,M,80,Exponential,(rate-shift),0.098558167,0,,
2037,M,0,Exponential,(rate-shift),0.005233165,0,,
2037,M,5,Exponential,(rate-shift),0.000285748,0,,
2037,M,10,Exponential,(rate-shift),0.000393235,0,,
2037,M,15,Exponential,(rate-shift),0.00052813,0,,
2037,M,20,Exponential,(rate-shift),0.000593537,0,,
2037,M,25,Exponential,(rate-shift),0.00128984,0,,
2037,M,30,Exponential,(rate-shift),0.004194453,0,,
2037,M,35,Exponential,(rate-shift),0.007644387,0,,
2037,M,40,Exponential,(rate-shift),0.008784527,0,,
2037,M,45,Exponential,(rate-shift),0.008144412,0,,
2037,M,50,Exponential,(rate-shift),0.007895856,0,,
2037,M,55,Exponential,(rate-shift),0.009677461,0,,
2037,M,60,Exponential,(rate-shift),0.014194908,0,,
2037,M,65,Exponential,(rate-shift),0.021328885,0,,
2037,M,70,Exponential,(rate-shift),0.031526712,0,,
2037,M,75,Exponential,(rate-shift),0.047193038,0,,
2037,M,80,Exponential,(rate-shift),0.097170407,0,,
2038,M,0,Exponential,(rate-shift),0.005156583,0,,
2038,M,5,Exponential,(rate-shift),0.000277376,0,,
2038,M,10,Exponential,(rate-shift),0.000368334,0,,
2038,M,15,Exponential,(rate-shift),0.00049867,0,,
2038,M,20,Exponential,(rate-shift),0.000569931,0,,
2038,M,25,Exponential,(rate-shift),0.00125642,0,,
2038,M,30,Exponential,(rate-shift),0.004015091,0,,
2038,M,35,Exponential,(rate-shift),0.007376609,0,,
2038,M,40,Exponential,(rate-shift),0.008588666,0,,
2038,M,45,Exponential,(rate-shift),0.007996834,0,,
2038,M,50,Exponential,(rate-shift),0.007678344,0,,
2038,M,55,Exponential,(rate-shift),0.009265342,0,,
2038,M,60,Exponential,(rate-shift),0.014023044,0,,
2038,M,65,Exponential,(rate-shift),0.02111647,0,,
2038,M,70,Exponential,(rate-shift),0.031600399,0,,
2038,M,75,Exponential,(rate-shift),0.046693538,0,,
2038,M,80,Exponential,(rate-shift),0.096332851,0,,
2039,M,0,Exponential,(rate-shift),0.00508293,0,,
2039,M,5,Exponential,(rate-shift),0.00026989,0,,
2039,M,10,Exponential,(rate-shift),0.000347864,0,,
2039,M,15,Exponential,(rate-shift),0.000473331,0,,
2039,M,20,Exponential,(rate-shift),0.000547538,0,,
2039,M,25,Exponential,(rate-shift),0.001221055,0,,
2039,M,30,Exponential,(rate-shift),0.003849309,0,,
2039,M,35,Exponential,(rate-shift),0.007095792,0,,
2039,M,40,Exponential,(rate-shift),0.008377904,0,,
2039,M,45,Exponential,(rate-shift),0.007852287,0,,
2039,M,50,Exponential,(rate-shift),0.007490079,0,,
2039,M,55,Exponential,(rate-shift),0.00889804,0,,
2039,M,60,Exponential,(rate-shift),0.013765188,0,,
2039,M,65,Exponential,(rate-shift),0.020890202,0,,
2039,M,70,Exponential,(rate-shift),0.031595182,0,,
2039,M,75,Exponential,(rate-shift),0.046267005,0,,
2039,M,80,Exponential,(rate-shift),0.095960855,0,,
2040,M,0,Exponential,(rate-shift),0.005011113,0,,
2040,M,5,Exponential,(rate-shift),0.000263171,0,,
2040,M,10,Exponential,(rate-shift),0.000331109,0,,
2040,M,15,Exponential,(rate-shift),0.000451298,0,,
2040,M,20,Exponential,(rate-shift),0.000527034,0,,
2040,M,25,Exponential,(rate-shift),0.001182071,0,,
2040,M,30,Exponential,(rate-shift),0.003703,0,,
2040,M,35,Exponential,(rate-shift),0.006805279,0,,
2040,M,40,Exponential,(rate-shift),0.00814558,0,,
2040,M,45,Exponential,(rate-shift),0.007705558,0,,
2040,M,50,Exponential,(rate-shift),0.007327896,0,,
2040,M,55,Exponential,(rate-shift),0.008595257,0,,
2040,M,60,Exponential,(rate-shift),0.013403007,0,,
2040,M,65,Exponential,(rate-shift),0.020665118,0,,
2040,M,70,Exponential,(rate-shift),0.031462373,0,,
2040,M,75,Exponential,(rate-shift),0.045957218,0,,
2040,M,80,Exponential,(rate-shift),0.096016714,0,,
1998,F,0,Exponential,(rate-shift),0.014284771,0,,
1998,F,5,Exponential,(rate-shift),0.001192829,0,,
1998,F,10,Exponential,(rate-shift),0.001125313,0,,
1998,F,15,Exponential,(rate-shift),0.001608179,0,,
1998,F,20,Exponential,(rate-shift),0.002171943,0,,
1998,F,25,Exponential,(rate-shift),0.003148621,0,,
1998,F,30,Exponential,(rate-shift),0.005428071,0,,
1998,F,35,Exponential,(rate-shift),0.0087071,0,,
1998,F,40,Exponential,(rate-shift),0.010477681,0,,
1998,F,45,Exponential,(rate-shift),0.01281977,0,,
1998,F,50,Exponential,(rate-shift),0.017120837,0,,
1998,F,55,Exponential,(rate-shift),0.021154585,0,,
1998,F,60,Exponential,(rate-shift),0.033488405,0,,
1998,F,65,Exponential,(rate-shift),0.051167423,0,,
1998,F,70,Exponential,(rate-shift),0.079468076,0,,
1998,F,75,Exponential,(rate-shift),0.116694354,0,,
1998,F,80,Exponential,(rate-shift),0.160660472,0,,
1999,F,0,Exponential,(rate-shift),0.013677471,0,,
1999,F,5,Exponential,(rate-shift),0.001197221,0,,
1999,F,10,Exponential,(rate-shift),0.001172497,0,,
1999,F,15,Exponential,(rate-shift),0.001604994,0,,
1999,F,20,Exponential,(rate-shift),0.002176028,0,,
1999,F,25,Exponential,(rate-shift),0.003002591,0,,
1999,F,30,Exponential,(rate-shift),0.005135529,0,,
1999,F,35,Exponential,(rate-shift),0.008546763,0,,
1999,F,40,Exponential,(rate-shift),0.010438725,0,,
1999,F,45,Exponential,(rate-shift),0.012520844,0,,
1999,F,50,Exponential,(rate-shift),0.017883518,0,,
1999,F,55,Exponential,(rate-shift),0.021024011,0,,
1999,F,60,Exponential,(rate-shift),0.032739121,0,,
1999,F,65,Exponential,(rate-shift),0.049528533,0,,
1999,F,70,Exponential,(rate-shift),0.075957836,0,,
1999,F,75,Exponential,(rate-shift),0.116249685,0,,
1999,F,80,Exponential,(rate-shift),0.153263512,0,,
2000,F,0,Exponential,(rate-shift),0.013319044,0,,
2000,F,5,Exponential,(rate-shift),0.001184576,0,,
2000,F,10,Exponential,(rate-shift),0.001225054,0,,
2000,F,15,Exponential,(rate-shift),0.001600623,0,,
2000,F,20,Exponential,(rate-shift),0.00218062,0,,
2000,F,25,Exponential,(rate-shift),0.002798671,0,,
2000,F,30,Exponential,(rate-shift),0.004717627,0,,
2000,F,35,Exponential,(rate-shift),0.008110915,0,,
2000,F,40,Exponential,(rate-shift),0.009969999,0,,
2000,F,45,Exponential,(rate-shift),0.011878501,0,,
2000,F,50,Exponential,(rate-shift),0.018187898,0,,
2000,F,55,Exponential,(rate-shift),0.021286849,0,,
2000,F,60,Exponential,(rate-shift),0.031927147,0,,
2000,F,65,Exponential,(rate-shift),0.048026548,0,,
2000,F,70,Exponential,(rate-shift),0.072541433,0,,
2000,F,75,Exponential,(rate-shift),0.11410841,0,,
2000,F,80,Exponential,(rate-shift),0.147014769,0,,
2001,F,0,Exponential,(rate-shift),0.013015124,0,,
2001,F,5,Exponential,(rate-shift),0.001171188,0,,
2001,F,10,Exponential,(rate-shift),0.001288663,0,,
2001,F,15,Exponential,(rate-shift),0.001569942,0,,
2001,F,20,Exponential,(rate-shift),0.002128677,0,,
2001,F,25,Exponential,(rate-shift),0.002507571,0,,
2001,F,30,Exponential,(rate-shift),0.004303171,0,,
2001,F,35,Exponential,(rate-shift),0.007698787,0,,
2001,F,40,Exponential,(rate-shift),0.009198248,0,,
2001,F,45,Exponential,(rate-shift),0.010650975,0,,
2001,F,50,Exponential,(rate-shift),0.016137704,0,,
2001,F,55,Exponential,(rate-shift),0.020794393,0,,
2001,F,60,Exponential,(rate-shift),0.031146102,0,,
2001,F,65,Exponential,(rate-shift),0.048161552,0,,
2001,F,70,Exponential,(rate-shift),0.070463138,0,,
2001,F,75,Exponential,(rate-shift),0.114183968,0,,
2001,F,80,Exponential,(rate-shift),0.148402576,0,,
2002,F,0,Exponential,(rate-shift),0.013116514,0,,
2002,F,5,Exponential,(rate-shift),0.001151452,0,,
2002,F,10,Exponential,(rate-shift),0.001361751,0,,
2002,F,15,Exponential,(rate-shift),0.001558109,0,,
2002,F,20,Exponential,(rate-shift),0.002114255,0,,
2002,F,25,Exponential,(rate-shift),0.002358693,0,,
2002,F,30,Exponential,(rate-shift),0.003875664,0,,
2002,F,35,Exponential,(rate-shift),0.007302572,0,,
2002,F,40,Exponential,(rate-shift),0.008544889,0,,
2002,F,45,Exponential,(rate-shift),0.009722018,0,,
2002,F,50,Exponential,(rate-shift),0.014199062,0,,
2002,F,55,Exponential,(rate-shift),0.020556739,0,,
2002,F,60,Exponential,(rate-shift),0.030486004,0,,
2002,F,65,Exponential,(rate-shift),0.048174303,0,,
2002,F,70,Exponential,(rate-shift),0.06946807,0,,
2002,F,75,Exponential,(rate-shift),0.110284007,0,,
2002,F,80,Exponential,(rate-shift),0.155265687,0,,
2003,F,0,Exponential,(rate-shift),0.013555924,0,,
2003,F,5,Exponential,(rate-shift),0.001136732,0,,
2003,F,10,Exponential,(rate-shift),0.001442325,0,,
2003,F,15,Exponential,(rate-shift),0.001558718,0,,
2003,F,20,Exponential,(rate-shift),0.002083973,0,,
2003,F,25,Exponential,(rate-shift),0.002226882,0,,
2003,F,30,Exponential,(rate-shift),0.003341051,0,,
2003,F,35,Exponential,(rate-shift),0.006845023,0,,
2003,F,40,Exponential,(rate-shift),0.007872673,0,,
2003,F,45,Exponential,(rate-shift),0.008802938,0,,
2003,F,50,Exponential,(rate-shift),0.012280688,0,,
2003,F,55,Exponential,(rate-shift),0.019849853,0,,
2003,F,60,Exponential,(rate-shift),0.029833957,0,,
2003,F,65,Exponential,(rate-shift),0.047686017,0,,
2003,F,70,Exponential,(rate-shift),0.069230073,0,,
2003,F,75,Exponential,(rate-shift),0.103448807,0,,
2003,F,80,Exponential,(rate-shift),0.165357251,0,,
2004,F,0,Exponential,(rate-shift),0.014048417,0,,
2004,F,5,Exponential,(rate-shift),0.001131443,0,,
2004,F,10,Exponential,(rate-shift),0.001524397,0,,
2004,F,15,Exponential,(rate-shift),0.001581409,0,,
2004,F,20,Exponential,(rate-shift),0.002074842,0,,
2004,F,25,Exponential,(rate-shift),0.002117343,0,,
2004,F,30,Exponential,(rate-shift),0.002960175,0,,
2004,F,35,Exponential,(rate-shift),0.006366815,0,,
2004,F,40,Exponential,(rate-shift),0.007312475,0,,
2004,F,45,Exponential,(rate-shift),0.008037503,0,,
2004,F,50,Exponential,(rate-shift),0.010943767,0,,
2004,F,55,Exponential,(rate-shift),0.018864716,0,,
2004,F,60,Exponential,(rate-shift),0.029636338,0,,
2004,F,65,Exponential,(rate-shift),0.046972176,0,,
2004,F,70,Exponential,(rate-shift),0.070042292,0,,
2004,F,75,Exponential,(rate-shift),0.097183765,0,,
2004,F,80,Exponential,(rate-shift),0.17639458,0,,
2005,F,0,Exponential,(rate-shift),0.014320001,0,,
2005,F,5,Exponential,(rate-shift),0.001141897,0,,
2005,F,10,Exponential,(rate-shift),0.00159748,0,,
2005,F,15,Exponential,(rate-shift),0.001620129,0,,
2005,F,20,Exponential,(rate-shift),0.00205876,0,,
2005,F,25,Exponential,(rate-shift),0.002090167,0,,
2005,F,30,Exponential,(rate-shift),0.002696247,0,,
2005,F,35,Exponential,(rate-shift),0.006066761,0,,
2005,F,40,Exponential,(rate-shift),0.007047643,0,,
2005,F,45,Exponential,(rate-shift),0.007507025,0,,
2005,F,50,Exponential,(rate-shift),0.010160408,0,,
2005,F,55,Exponential,(rate-shift),0.017666801,0,,
2005,F,60,Exponential,(rate-shift),0.029838144,0,,
2005,F,65,Exponential,(rate-shift),0.046273962,0,,
2005,F,70,Exponential,(rate-shift),0.071076594,0,,
2005,F,75,Exponential,(rate-shift),0.093208391,0,,
2005,F,80,Exponential,(rate-shift),0.184585903,0,,
2006,F,0,Exponential,(rate-shift),0.014835589,0,,
2006,F,5,Exponential,(rate-shift),0.001188739,0,,
2006,F,10,Exponential,(rate-shift),0.001661043,0,,
2006,F,15,Exponential,(rate-shift),0.001663486,0,,
2006,F,20,Exponential,(rate-shift),0.00206005,0,,
2006,F,25,Exponential,(rate-shift),0.002116438,0,,
2006,F,30,Exponential,(rate-shift),0.002568834,0,,
2006,F,35,Exponential,(rate-shift),0.005979582,0,,
2006,F,40,Exponential,(rate-shift),0.00704705,0,,
2006,F,45,Exponential,(rate-shift),0.007338607,0,,
2006,F,50,Exponential,(rate-shift),0.009743526,0,,
2006,F,55,Exponential,(rate-shift),0.016678691,0,,
2006,F,60,Exponential,(rate-shift),0.030423384,0,,
2006,F,65,Exponential,(rate-shift),0.045862119,0,,
2006,F,70,Exponential,(rate-shift),0.070952864,0,,
2006,F,75,Exponential,(rate-shift),0.090616686,0,,
2006,F,80,Exponential,(rate-shift),0.17217244,0,,
2007,F,0,Exponential,(rate-shift),0.014771443,0,,
2007,F,5,Exponential,(rate-shift),0.001271951,0,,
2007,F,10,Exponential,(rate-shift),0.001740484,0,,
2007,F,15,Exponential,(rate-shift),0.001730235,0,,
2007,F,20,Exponential,(rate-shift),0.002065345,0,,
2007,F,25,Exponential,(rate-shift),0.002194002,0,,
2007,F,30,Exponential,(rate-shift),0.002826371,0,,
2007,F,35,Exponential,(rate-shift),0.006200496,0,,
2007,F,40,Exponential,(rate-shift),0.007490185,0,,
2007,F,45,Exponential,(rate-shift),0.007666591,0,,
2007,F,50,Exponential,(rate-shift),0.009942061,0,,
2007,F,55,Exponential,(rate-shift),0.016205265,0,,
2007,F,60,Exponential,(rate-shift),0.031217242,0,,
2007,F,65,Exponential,(rate-shift),0.046399559,0,,
2007,F,70,Exponential,(rate-shift),0.070182754,0,,
2007,F,75,Exponential,(rate-shift),0.091446432,0,,
2007,F,80,Exponential,(rate-shift),0.158296695,0,,
2008,F,0,Exponential,(rate-shift),0.014130304,0,,
2008,F,5,Exponential,(rate-shift),0.001374119,0,,
2008,F,10,Exponential,(rate-shift),0.001820448,0,,
2008,F,15,Exponential,(rate-shift),0.001806387,0,,
2008,F,20,Exponential,(rate-shift),0.002070296,0,,
2008,F,25,Exponential,(rate-shift),0.002282434,0,,
2008,F,30,Exponential,(rate-shift),0.003263067,0,,
2008,F,35,Exponential,(rate-shift),0.00650818,0,,
2008,F,40,Exponential,(rate-shift),0.008023066,0,,
2008,F,45,Exponential,(rate-shift),0.008158705,0,,
2008,F,50,Exponential,(rate-shift),0.010461257,0,,
2008,F,55,Exponential,(rate-shift),0.0160299,0,,
2008,F,60,Exponential,(rate-shift),0.031979681,0,,
2008,F,65,Exponential,(rate-shift),0.047949405,0,,
2008,F,70,Exponential,(rate-shift),0.068850208,0,,
2008,F,75,Exponential,(rate-shift),0.094952427,0,,
2008,F,80,Exponential,(rate-shift),0.145186648,0,,
2009,F,0,Exponential,(rate-shift),0.013698746,0,,
2009,F,5,Exponential,(rate-shift),0.001515362,0,,
2009,F,10,Exponential,(rate-shift),0.001921522,0,,
2009,F,15,Exponential,(rate-shift),0.00187114,0,,
2009,F,20,Exponential,(rate-shift),0.002080641,0,,
2009,F,25,Exponential,(rate-shift),0.002300663,0,,
2009,F,30,Exponential,(rate-shift),0.003464039,0,,
2009,F,35,Exponential,(rate-shift),0.006694854,0,,
2009,F,40,Exponential,(rate-shift),0.008316823,0,,
2009,F,45,Exponential,(rate-shift),0.008418916,0,,
2009,F,50,Exponential,(rate-shift),0.010744336,0,,
2009,F,55,Exponential,(rate-shift),0.015997116,0,,
2009,F,60,Exponential,(rate-shift),0.031988025,0,,
2009,F,65,Exponential,(rate-shift),0.049981788,0,,
2009,F,70,Exponential,(rate-shift),0.067467108,0,,
2009,F,75,Exponential,(rate-shift),0.099027761,0,,
2009,F,80,Exponential,(rate-shift),0.135105036,0,,
2010,F,0,Exponential,(rate-shift),0.013691121,0,,
2010,F,5,Exponential,(rate-shift),0.001687979,0,,
2010,F,10,Exponential,(rate-shift),0.002094099,0,,
2010,F,15,Exponential,(rate-shift),0.001904474,0,,
2010,F,20,Exponential,(rate-shift),0.002049132,0,,
2010,F,25,Exponential,(rate-shift),0.002145455,0,,
2010,F,30,Exponential,(rate-shift),0.003368119,0,,
2010,F,35,Exponential,(rate-shift),0.006577409,0,,
2010,F,40,Exponential,(rate-shift),0.00827572,0,,
2010,F,45,Exponential,(rate-shift),0.008473652,0,,
2010,F,50,Exponential,(rate-shift),0.010732348,0,,
2010,F,55,Exponential,(rate-shift),0.015851258,0,,
2010,F,60,Exponential,(rate-shift),0.031286318,0,,
2010,F,65,Exponential,(rate-shift),0.051811746,0,,
2010,F,70,Exponential,(rate-shift),0.066755724,0,,
2010,F,75,Exponential,(rate-shift),0.101263009,0,,
2010,F,80,Exponential,(rate-shift),0.128766717,0,,
2011,F,0,Exponential,(rate-shift),0.013013014,0,,
2011,F,5,Exponential,(rate-shift),0.001787554,0,,
2011,F,10,Exponential,(rate-shift),0.002287695,0,,
2011,F,15,Exponential,(rate-shift),0.001918344,0,,
2011,F,20,Exponential,(rate-shift),0.002035128,0,,
2011,F,25,Exponential,(rate-shift),0.002089017,0,,
2011,F,30,Exponential,(rate-shift),0.003384052,0,,
2011,F,35,Exponential,(rate-shift),0.006719536,0,,
2011,F,40,Exponential,(rate-shift),0.008435558,0,,
2011,F,45,Exponential,(rate-shift),0.008853146,0,,
2011,F,50,Exponential,(rate-shift),0.010984932,0,,
2011,F,55,Exponential,(rate-shift),0.01577295,0,,
2011,F,60,Exponential,(rate-shift),0.030419819,0,,
2011,F,65,Exponential,(rate-shift),0.05271512,0,,
2011,F,70,Exponential,(rate-shift),0.06855881,0,,
2011,F,75,Exponential,(rate-shift),0.102720446,0,,
2011,F,80,Exponential,(rate-shift),0.128301817,0,,
2012,F,0,Exponential,(rate-shift),0.012617,0,,
2012,F,5,Exponential,(rate-shift),0.001807852,0,,
2012,F,10,Exponential,(rate-shift),0.002478343,0,,
2012,F,15,Exponential,(rate-shift),0.001908903,0,,
2012,F,20,Exponential,(rate-shift),0.002011544,0,,
2012,F,25,Exponential,(rate-shift),0.00210032,0,,
2012,F,30,Exponential,(rate-shift),0.003549123,0,,
2012,F,35,Exponential,(rate-shift),0.007251137,0,,
2012,F,40,Exponential,(rate-shift),0.00887335,0,,
2012,F,45,Exponential,(rate-shift),0.009501233,0,,
2012,F,50,Exponential,(rate-shift),0.011471374,0,,
2012,F,55,Exponential,(rate-shift),0.01622029,0,,
2012,F,60,Exponential,(rate-shift),0.029758455,0,,
2012,F,65,Exponential,(rate-shift),0.053205327,0,,
2012,F,70,Exponential,(rate-shift),0.071434292,0,,
2012,F,75,Exponential,(rate-shift),0.101383924,0,,
2012,F,80,Exponential,(rate-shift),0.131592702,0,,
2013,F,0,Exponential,(rate-shift),0.01251159,0,,
2013,F,5,Exponential,(rate-shift),0.001769025,0,,
2013,F,10,Exponential,(rate-shift),0.002669011,0,,
2013,F,15,Exponential,(rate-shift),0.001907713,0,,
2013,F,20,Exponential,(rate-shift),0.002002218,0,,
2013,F,25,Exponential,(rate-shift),0.002132879,0,,
2013,F,30,Exponential,(rate-shift),0.003639665,0,,
2013,F,35,Exponential,(rate-shift),0.007830454,0,,
2013,F,40,Exponential,(rate-shift),0.009259863,0,,
2013,F,45,Exponential,(rate-shift),0.010161793,0,,
2013,F,50,Exponential,(rate-shift),0.012114063,0,,
2013,F,50,Exponential,(rate-shift),0.012114063,0,,
2013,F,55,Exponential,(rate-shift),0.017031094,0,,
2013,F,55,Exponential,(rate-shift),0.017031094,0,,
2013,F,60,Exponential,(rate-shift),0.029419908,0,,
2013,F,65,Exponential,(rate-shift),0.053612925,0,,
2013,F,70,Exponential,(rate-shift),0.074996334,0,,
2013,F,75,Exponential,(rate-shift),0.099653686,0,,
2013,F,80,Exponential,(rate-shift),0.138011077,0,,
2014,F,0,Exponential,(rate-shift),0.012374573,0,,
2014,F,5,Exponential,(rate-shift),0.001667147,0,,
2014,F,10,Exponential,(rate-shift),0.002791226,0,,
2014,F,15,Exponential,(rate-shift),0.001937932,0,,
2014,F,20,Exponential,(rate-shift),0.001989593,0,,
2014,F,25,Exponential,(rate-shift),0.002043119,0,,
2014,F,30,Exponential,(rate-shift),0.003398469,0,,
2014,F,35,Exponential,(rate-shift),0.007725367,0,,
2014,F,40,Exponential,(rate-shift),0.009232903,0,,
2014,F,45,Exponential,(rate-shift),0.010093397,0,,
2014,F,50,Exponential,(rate-shift),0.011866319,0,,
2014,F,55,Exponential,(rate-shift),0.016822624,0,,
2014,F,60,Exponential,(rate-shift),0.028358641,0,,
2014,F,65,Exponential,(rate-shift),0.052785676,0,,
2014,F,70,Exponential,(rate-shift),0.077526315,0,,
2014,F,75,Exponential,(rate-shift),0.099278658,0,,
2014,F,80,Exponential,(rate-shift),0.146233071,0,,
2015,F,0,Exponential,(rate-shift),0.012059844,0,,
2015,F,5,Exponential,(rate-shift),0.00157687,0,,
2015,F,10,Exponential,(rate-shift),0.002849399,0,,
2015,F,15,Exponential,(rate-shift),0.001990232,0,,
2015,F,20,Exponential,(rate-shift),0.001965424,0,,
2015,F,25,Exponential,(rate-shift),0.001979075,0,,
2015,F,30,Exponential,(rate-shift),0.003204785,0,,
2015,F,35,Exponential,(rate-shift),0.007503716,0,,
2015,F,40,Exponential,(rate-shift),0.00925617,0,,
2015,F,45,Exponential,(rate-shift),0.01006776,0,,
2015,F,50,Exponential,(rate-shift),0.011711489,0,,
2015,F,55,Exponential,(rate-shift),0.016568461,0,,
2015,F,60,Exponential,(rate-shift),0.02765089,0,,
2015,F,65,Exponential,(rate-shift),0.051274921,0,,
2015,F,70,Exponential,(rate-shift),0.079197807,0,,
2015,F,75,Exponential,(rate-shift),0.101270372,0,,
2015,F,80,Exponential,(rate-shift),0.157612696,0,,
2016,F,0,Exponential,(rate-shift),0.011891325,0,,
2016,F,5,Exponential,(rate-shift),0.001496463,0,,
2016,F,10,Exponential,(rate-shift),0.002823672,0,,
2016,F,15,Exponential,(rate-shift),0.002050631,0,,
2016,F,20,Exponential,(rate-shift),0.001929005,0,,
2016,F,25,Exponential,(rate-shift),0.001938469,0,,
2016,F,30,Exponential,(rate-shift),0.003050287,0,,
2016,F,35,Exponential,(rate-shift),0.007203859,0,,
2016,F,40,Exponential,(rate-shift),0.009304389,0,,
2016,F,45,Exponential,(rate-shift),0.010054267,0,,
2016,F,50,Exponential,(rate-shift),0.011586241,0,,
2016,F,55,Exponential,(rate-shift),0.016278802,0,,
2016,F,60,Exponential,(rate-shift),0.027224311,0,,
2016,F,65,Exponential,(rate-shift),0.049258041,0,,
2016,F,70,Exponential,(rate-shift),0.079422344,0,,
2016,F,75,Exponential,(rate-shift),0.101674814,0,,
2016,F,80,Exponential,(rate-shift),0.153023557,0,,
2017,F,0,Exponential,(rate-shift),0.011422931,0,,
2017,F,5,Exponential,(rate-shift),0.001430421,0,,
2017,F,10,Exponential,(rate-shift),0.00273552,0,,
2017,F,15,Exponential,(rate-shift),0.002135509,0,,
2017,F,20,Exponential,(rate-shift),0.001881076,0,,
2017,F,25,Exponential,(rate-shift),0.001922953,0,,
2017,F,30,Exponential,(rate-shift),0.002922427,0,,
2017,F,35,Exponential,(rate-shift),0.006849747,0,,
2017,F,40,Exponential,(rate-shift),0.009424631,0,,
2017,F,45,Exponential,(rate-shift),0.010073796,0,,
2017,F,50,Exponential,(rate-shift),0.011527695,0,,
2017,F,55,Exponential,(rate-shift),0.015973499,0,,
2017,F,60,Exponential,(rate-shift),0.02702616,0,,
2017,F,65,Exponential,(rate-shift),0.047128857,0,,
2017,F,70,Exponential,(rate-shift),0.079654146,0,,
2017,F,75,Exponential,(rate-shift),0.103817874,0,,
2017,F,80,Exponential,(rate-shift),0.150778402,0,,
2018,F,0,Exponential,(rate-shift),0.01076821,0,,
2018,F,5,Exponential,(rate-shift),0.001376621,0,,
2018,F,10,Exponential,(rate-shift),0.002602362,0,,
2018,F,15,Exponential,(rate-shift),0.002228456,0,,
2018,F,20,Exponential,(rate-shift),0.001832789,0,,
2018,F,25,Exponential,(rate-shift),0.001920636,0,,
2018,F,30,Exponential,(rate-shift),0.002819869,0,,
2018,F,35,Exponential,(rate-shift),0.006489746,0,,
2018,F,40,Exponential,(rate-shift),0.009547207,0,,
2018,F,45,Exponential,(rate-shift),0.010119987,0,,
2018,F,50,Exponential,(rate-shift),0.011517306,0,,
2018,F,55,Exponential,(rate-shift),0.015682083,0,,
2018,F,60,Exponential,(rate-shift),0.026897114,0,,
2018,F,65,Exponential,(rate-shift),0.045230381,0,,
2018,F,70,Exponential,(rate-shift),0.079476705,0,,
2018,F,75,Exponential,(rate-shift),0.106896469,0,,
2018,F,80,Exponential,(rate-shift),0.151029374,0,,
2019,F,0,Exponential,(rate-shift),0.010143881,0,,
2019,F,5,Exponential,(rate-shift),0.001324352,0,,
2019,F,10,Exponential,(rate-shift),0.002456198,0,,
2019,F,15,Exponential,(rate-shift),0.002292696,0,,
2019,F,20,Exponential,(rate-shift),0.001799253,0,,
2019,F,25,Exponential,(rate-shift),0.001912485,0,,
2019,F,30,Exponential,(rate-shift),0.002741587,0,,
2019,F,35,Exponential,(rate-shift),0.006167043,0,,
2019,F,40,Exponential,(rate-shift),0.009554571,0,,
2019,F,45,Exponential,(rate-shift),0.010186891,0,,
2019,F,50,Exponential,(rate-shift),0.011523871,0,,
2019,F,55,Exponential,(rate-shift),0.015432865,0,,
2019,F,60,Exponential,(rate-shift),0.026653703,0,,
2019,F,65,Exponential,(rate-shift),0.043782782,0,,
2019,F,70,Exponential,(rate-shift),0.078277291,0,,
2019,F,75,Exponential,(rate-shift),0.109807839,0,,
2019,F,80,Exponential,(rate-shift),0.155308565,0,,
2020,F,0,Exponential,(rate-shift),0.009664062,0,,
2020,F,5,Exponential,(rate-shift),0.001259561,0,,
2020,F,10,Exponential,(rate-shift),0.002321945,0,,
2020,F,15,Exponential,(rate-shift),0.002300665,0,,
2020,F,20,Exponential,(rate-shift),0.001788199,0,,
2020,F,25,Exponential,(rate-shift),0.001887602,0,,
2020,F,30,Exponential,(rate-shift),0.002686111,0,,
2020,F,35,Exponential,(rate-shift),0.005895034,0,,
2020,F,40,Exponential,(rate-shift),0.009382484,0,,
2020,F,45,Exponential,(rate-shift),0.010271742,0,,
2020,F,50,Exponential,(rate-shift),0.011531929,0,,
2020,F,55,Exponential,(rate-shift),0.015241996,0,,
2020,F,60,Exponential,(rate-shift),0.026236083,0,,
2020,F,65,Exponential,(rate-shift),0.042760262,0,,
2020,F,70,Exponential,(rate-shift),0.075924222,0,,
2020,F,75,Exponential,(rate-shift),0.111926265,0,,
2020,F,80,Exponential,(rate-shift),0.165105319,0,,
2021,F,0,Exponential,(rate-shift),0.009177374,0,,
2021,F,5,Exponential,(rate-shift),0.001181852,0,,
2021,F,10,Exponential,(rate-shift),0.002199262,0,,
2021,F,15,Exponential,(rate-shift),0.002253882,0,,
2021,F,20,Exponential,(rate-shift),0.00180215,0,,
2021,F,25,Exponential,(rate-shift),0.001856261,0,,
2021,F,30,Exponential,(rate-shift),0.002666441,0,,
2021,F,35,Exponential,(rate-shift),0.005681825,0,,
2021,F,40,Exponential,(rate-shift),0.009082875,0,,
2021,F,45,Exponential,(rate-shift),0.010392241,0,,
2021,F,50,Exponential,(rate-shift),0.011543459,0,,
2021,F,55,Exponential,(rate-shift),0.015146686,0,,
2021,F,60,Exponential,(rate-shift),0.025854357,0,,
2021,F,65,Exponential,(rate-shift),0.042167611,0,,
2021,F,70,Exponential,(rate-shift),0.072670899,0,,
2021,F,75,Exponential,(rate-shift),0.111083379,0,,
2021,F,80,Exponential,(rate-shift),0.160090946,0,,
2022,F,0,Exponential,(rate-shift),0.008831763,0,,
2022,F,5,Exponential,(rate-shift),0.001097895,0,,
2022,F,10,Exponential,(rate-shift),0.002082175,0,,
2022,F,15,Exponential,(rate-shift),0.002152286,0,,
2022,F,20,Exponential,(rate-shift),0.001838088,0,,
2022,F,25,Exponential,(rate-shift),0.001806739,0,,
2022,F,30,Exponential,(rate-shift),0.002667947,0,,
2022,F,35,Exponential,(rate-shift),0.00548662,0,,
2022,F,40,Exponential,(rate-shift),0.00867381,0,,
2022,F,45,Exponential,(rate-shift),0.010544902,0,,
2022,F,50,Exponential,(rate-shift),0.011539613,0,,
2022,F,55,Exponential,(rate-shift),0.015062936,0,,
2022,F,60,Exponential,(rate-shift),0.02535035,0,,
2022,F,65,Exponential,(rate-shift),0.04182127,0,,
2022,F,70,Exponential,(rate-shift),0.069316275,0,,
2022,F,75,Exponential,(rate-shift),0.110684209,0,,
2022,F,80,Exponential,(rate-shift),0.157804972,0,,
2023,F,0,Exponential,(rate-shift),0.008592181,0,,
2023,F,5,Exponential,(rate-shift),0.001011416,0,,
2023,F,10,Exponential,(rate-shift),0.001965751,0,,
2023,F,15,Exponential,(rate-shift),0.002021731,0,,
2023,F,20,Exponential,(rate-shift),0.001882709,0,,
2023,F,25,Exponential,(rate-shift),0.001752139,0,,
2023,F,30,Exponential,(rate-shift),0.002676134,0,,
2023,F,35,Exponential,(rate-shift),0.005316192,0,,
2023,F,40,Exponential,(rate-shift),0.008231715,0,,
2023,F,45,Exponential,(rate-shift),0.010657633,0,,
2023,F,50,Exponential,(rate-shift),0.011537865,0,,
2023,F,55,Exponential,(rate-shift),0.014984168,0,,
2023,F,60,Exponential,(rate-shift),0.024807502,0,,
2023,F,65,Exponential,(rate-shift),0.04151963,0,,
2023,F,70,Exponential,(rate-shift),0.066399164,0,,
2023,F,75,Exponential,(rate-shift),0.110079946,0,,
2023,F,80,Exponential,(rate-shift),0.158758935,0,,
2024,F,0,Exponential,(rate-shift),0.008383702,0,,
2024,F,5,Exponential,(rate-shift),0.000928692,0,,
2024,F,10,Exponential,(rate-shift),0.001841023,0,,
2024,F,15,Exponential,(rate-shift),0.001893768,0,,
2024,F,20,Exponential,(rate-shift),0.001910302,0,,
2024,F,25,Exponential,(rate-shift),0.001710922,0,,
2024,F,30,Exponential,(rate-shift),0.002670116,0,,
2024,F,35,Exponential,(rate-shift),0.005183443,0,,
2024,F,40,Exponential,(rate-shift),0.007831224,0,,
2024,F,45,Exponential,(rate-shift),0.010626331,0,,
2024,F,50,Exponential,(rate-shift),0.011564024,0,,
2024,F,55,Exponential,(rate-shift),0.014914042,0,,
2024,F,60,Exponential,(rate-shift),0.024335486,0,,
2024,F,65,Exponential,(rate-shift),0.041069416,0,,
2024,F,70,Exponential,(rate-shift),0.064319881,0,,
2024,F,75,Exponential,(rate-shift),0.108424728,0,,
2024,F,80,Exponential,(rate-shift),0.163089146,0,,
2025,F,0,Exponential,(rate-shift),0.008156832,0,,
2025,F,5,Exponential,(rate-shift),0.000854833,0,,
2025,F,10,Exponential,(rate-shift),0.001703164,0,,
2025,F,15,Exponential,(rate-shift),0.001782308,0,,
2025,F,20,Exponential,(rate-shift),0.001902159,0,,
2025,F,25,Exponential,(rate-shift),0.001691542,0,,
2025,F,30,Exponential,(rate-shift),0.002637902,0,,
2025,F,35,Exponential,(rate-shift),0.005091454,0,,
2025,F,40,Exponential,(rate-shift),0.007495486,0,,
2025,F,45,Exponential,(rate-shift),0.010402378,0,,
2025,F,50,Exponential,(rate-shift),0.011623363,0,,
2025,F,55,Exponential,(rate-shift),0.014861044,0,,
2025,F,60,Exponential,(rate-shift),0.023977838,0,,
2025,F,65,Exponential,(rate-shift),0.040399316,0,,
2025,F,70,Exponential,(rate-shift),0.063027289,0,,
2025,F,75,Exponential,(rate-shift),0.105538744,0,,
2025,F,80,Exponential,(rate-shift),0.172668425,0,,
2026,F,0,Exponential,(rate-shift),0.007960479,0,,
2026,F,5,Exponential,(rate-shift),0.000789204,0,,
2026,F,10,Exponential,(rate-shift),0.001557662,0,,
2026,F,15,Exponential,(rate-shift),0.001678612,0,,
2026,F,20,Exponential,(rate-shift),0.001860659,0,,
2026,F,25,Exponential,(rate-shift),0.001693507,0,,
2026,F,30,Exponential,(rate-shift),0.002589296,0,,
2026,F,35,Exponential,(rate-shift),0.005043576,0,,
2026,F,40,Exponential,(rate-shift),0.007192073,0,,
2026,F,45,Exponential,(rate-shift),0.010019714,0,,
2026,F,50,Exponential,(rate-shift),0.011687759,0,,
2026,F,55,Exponential,(rate-shift),0.014839038,0,,
2026,F,60,Exponential,(rate-shift),0.023781809,0,,
2026,F,65,Exponential,(rate-shift),0.039652169,0,,
2026,F,70,Exponential,(rate-shift),0.061966565,0,,
2026,F,75,Exponential,(rate-shift),0.100083881,0,,
2026,F,80,Exponential,(rate-shift),0.166764086,0,,
2027,F,0,Exponential,(rate-shift),0.007742069,0,,
2027,F,5,Exponential,(rate-shift),0.000731532,0,,
2027,F,10,Exponential,(rate-shift),0.00141243,0,,
2027,F,15,Exponential,(rate-shift),0.001586929,0,,
2027,F,20,Exponential,(rate-shift),0.001784499,0,,
2027,F,25,Exponential,(rate-shift),0.001716893,0,,
2027,F,30,Exponential,(rate-shift),0.002514842,0,,
2027,F,35,Exponential,(rate-shift),0.005036385,0,,
2027,F,40,Exponential,(rate-shift),0.006918147,0,,
2027,F,45,Exponential,(rate-shift),0.009528826,0,,
2027,F,50,Exponential,(rate-shift),0.011799194,0,,
2027,F,55,Exponential,(rate-shift),0.014808577,0,,
2027,F,60,Exponential,(rate-shift),0.023628587,0,,
2027,F,65,Exponential,(rate-shift),0.038816923,0,,
2027,F,70,Exponential,(rate-shift),0.061452553,0,,
2027,F,75,Exponential,(rate-shift),0.095248678,0,,
2027,F,80,Exponential,(rate-shift),0.16403926,0,,
2028,F,0,Exponential,(rate-shift),0.007508197,0,,
2028,F,5,Exponential,(rate-shift),0.00068166,0,,
2028,F,10,Exponential,(rate-shift),0.00127351,0,,
2028,F,15,Exponential,(rate-shift),0.001502026,0,,
2028,F,20,Exponential,(rate-shift),0.001692046,0,,
2028,F,25,Exponential,(rate-shift),0.001748779,0,,
2028,F,30,Exponential,(rate-shift),0.002431906,0,,
2028,F,35,Exponential,(rate-shift),0.005040533,0,,
2028,F,40,Exponential,(rate-shift),0.006683349,0,,
2028,F,45,Exponential,(rate-shift),0.009008612,0,,
2028,F,50,Exponential,(rate-shift),0.011882008,0,,
2028,F,55,Exponential,(rate-shift),0.014782976,0,,
2028,F,60,Exponential,(rate-shift),0.023495726,0,,
2028,F,65,Exponential,(rate-shift),0.038005805,0,,
2028,F,70,Exponential,(rate-shift),0.06111247,0,,
2028,F,75,Exponential,(rate-shift),0.091606998,0,,
2028,F,80,Exponential,(rate-shift),0.163697733,0,,
2029,F,0,Exponential,(rate-shift),0.00728336,0,,
2029,F,5,Exponential,(rate-shift),0.000638491,0,,
2029,F,10,Exponential,(rate-shift),0.001147438,0,,
2029,F,15,Exponential,(rate-shift),0.001415359,0,,
2029,F,20,Exponential,(rate-shift),0.001606232,0,,
2029,F,25,Exponential,(rate-shift),0.001763824,0,,
2029,F,30,Exponential,(rate-shift),0.002363925,0,,
2029,F,35,Exponential,(rate-shift),0.005012144,0,,
2029,F,40,Exponential,(rate-shift),0.006497903,0,,
2029,F,45,Exponential,(rate-shift),0.008533951,0,,
2029,F,50,Exponential,(rate-shift),0.011811599,0,,
2029,F,55,Exponential,(rate-shift),0.014783002,0,,
2029,F,60,Exponential,(rate-shift),0.02336871,0,,
2029,F,65,Exponential,(rate-shift),0.03732929,0,,
2029,F,70,Exponential,(rate-shift),0.060567694,0,,
2029,F,75,Exponential,(rate-shift),0.089414181,0,,
2029,F,80,Exponential,(rate-shift),0.165094741,0,,
2030,F,0,Exponential,(rate-shift),0.00708083,0,,
2030,F,5,Exponential,(rate-shift),0.000600156,0,,
2030,F,10,Exponential,(rate-shift),0.001036671,0,,
2030,F,15,Exponential,(rate-shift),0.001323018,0,,
2030,F,20,Exponential,(rate-shift),0.00153758,0,,
2030,F,25,Exponential,(rate-shift),0.001744532,0,,
2030,F,30,Exponential,(rate-shift),0.002322227,0,,
2030,F,35,Exponential,(rate-shift),0.004928031,0,,
2030,F,40,Exponential,(rate-shift),0.00636199,0,,
2030,F,45,Exponential,(rate-shift),0.00813252,0,,
2030,F,50,Exponential,(rate-shift),0.011527025,0,,
2030,F,55,Exponential,(rate-shift),0.014819014,0,,
2030,F,60,Exponential,(rate-shift),0.023252595,0,,
2030,F,65,Exponential,(rate-shift),0.036809975,0,,
2030,F,70,Exponential,(rate-shift),0.059689528,0,,
2030,F,75,Exponential,(rate-shift),0.088408458,0,,
2030,F,80,Exponential,(rate-shift),0.168654245,0,,
2031,F,0,Exponential,(rate-shift),0.006878037,0,,
2031,F,5,Exponential,(rate-shift),0.000565589,0,,
2031,F,10,Exponential,(rate-shift),0.000939803,0,,
2031,F,15,Exponential,(rate-shift),0.001228653,0,,
2031,F,20,Exponential,(rate-shift),0.001482906,0,,
2031,F,25,Exponential,(rate-shift),0.001697829,0,,
2031,F,30,Exponential,(rate-shift),0.002310014,0,,
2031,F,35,Exponential,(rate-shift),0.004805999,0,,
2031,F,40,Exponential,(rate-shift),0.006266176,0,,
2031,F,45,Exponential,(rate-shift),0.007777925,0,,
2031,F,50,Exponential,(rate-shift),0.011072148,0,,
2031,F,55,Exponential,(rate-shift),0.014927595,0,,
2031,F,60,Exponential,(rate-shift),0.023251779,0,,
2031,F,65,Exponential,(rate-shift),0.036496209,0,,
2031,F,70,Exponential,(rate-shift),0.058476373,0,,
2031,F,75,Exponential,(rate-shift),0.086742457,0,,
2031,F,80,Exponential,(rate-shift),0.158950321,0,,
2032,F,0,Exponential,(rate-shift),0.006694318,0,,
2032,F,5,Exponential,(rate-shift),0.000534872,0,,
2032,F,10,Exponential,(rate-shift),0.000855854,0,,
2032,F,15,Exponential,(rate-shift),0.001135123,0,,
2032,F,20,Exponential,(rate-shift),0.00143967,0,,
2032,F,25,Exponential,(rate-shift),0.001620554,0,,
2032,F,30,Exponential,(rate-shift),0.002324779,0,,
2032,F,35,Exponential,(rate-shift),0.004635822,0,,
2032,F,40,Exponential,(rate-shift),0.006219849,0,,
2032,F,45,Exponential,(rate-shift),0.007455066,0,,
2032,F,50,Exponential,(rate-shift),0.010502128,0,,
2032,F,55,Exponential,(rate-shift),0.015091798,0,,
2032,F,60,Exponential,(rate-shift),0.023231264,0,,
2032,F,65,Exponential,(rate-shift),0.036250129,0,,
2032,F,70,Exponential,(rate-shift),0.057217057,0,,
2032,F,75,Exponential,(rate-shift),0.086048844,0,,
2032,F,80,Exponential,(rate-shift),0.151884066,0,,
2033,F,0,Exponential,(rate-shift),0.00652575,0,,
2033,F,5,Exponential,(rate-shift),0.000507458,0,,
2033,F,10,Exponential,(rate-shift),0.000783781,0,,
2033,F,15,Exponential,(rate-shift),0.001046805,0,,
2033,F,20,Exponential,(rate-shift),0.001402287,0,,
2033,F,25,Exponential,(rate-shift),0.001530363,0,,
2033,F,30,Exponential,(rate-shift),0.002348849,0,,
2033,F,35,Exponential,(rate-shift),0.004451981,0,,
2033,F,40,Exponential,(rate-shift),0.006189885,0,,
2033,F,45,Exponential,(rate-shift),0.007174434,0,,
2033,F,50,Exponential,(rate-shift),0.009912041,0,,
2033,F,55,Exponential,(rate-shift),0.015208355,0,,
2033,F,60,Exponential,(rate-shift),0.023210271,0,,
2033,F,65,Exponential,(rate-shift),0.036046524,0,,
2033,F,70,Exponential,(rate-shift),0.05606453,0,,
2033,F,75,Exponential,(rate-shift),0.08576801,0,,
2033,F,80,Exponential,(rate-shift),0.147770729,0,,
2034,F,0,Exponential,(rate-shift),0.006363293,0,,
2034,F,5,Exponential,(rate-shift),0.000483088,0,,
2034,F,10,Exponential,(rate-shift),0.000722186,0,,
2034,F,15,Exponential,(rate-shift),0.000968201,0,,
2034,F,20,Exponential,(rate-shift),0.001362199,0,,
2034,F,25,Exponential,(rate-shift),0.001448497,0,,
2034,F,30,Exponential,(rate-shift),0.002349527,0,,
2034,F,35,Exponential,(rate-shift),0.0042996,0,,
2034,F,40,Exponential,(rate-shift),0.00612586,0,,
2034,F,45,Exponential,(rate-shift),0.006951355,0,,
2034,F,50,Exponential,(rate-shift),0.009385476,0,,
2034,F,55,Exponential,(rate-shift),0.015120118,0,,
2034,F,60,Exponential,(rate-shift),0.023230233,0,,
2034,F,65,Exponential,(rate-shift),0.035878994,0,,
2034,F,70,Exponential,(rate-shift),0.055174573,0,,
2034,F,75,Exponential,(rate-shift),0.085329874,0,,
2034,F,80,Exponential,(rate-shift),0.146812769,0,,
2035,F,0,Exponential,(rate-shift),0.006201439,0,,
2035,F,5,Exponential,(rate-shift),0.00046173,0,,
2035,F,10,Exponential,(rate-shift),0.000669422,0,,
2035,F,15,Exponential,(rate-shift),0.000900425,0,,
2035,F,20,Exponential,(rate-shift),0.001315079,0,,
2035,F,25,Exponential,(rate-shift),0.001383895,0,,
2035,F,30,Exponential,(rate-shift),0.00230533,0,,
2035,F,35,Exponential,(rate-shift),0.004198642,0,,
2035,F,40,Exponential,(rate-shift),0.00600009,0,,
2035,F,45,Exponential,(rate-shift),0.006789638,0,,
2035,F,50,Exponential,(rate-shift),0.008947323,0,,
2035,F,55,Exponential,(rate-shift),0.014759781,0,,
2035,F,60,Exponential,(rate-shift),0.023308724,0,,
2035,F,65,Exponential,(rate-shift),0.035747835,0,,
2035,F,70,Exponential,(rate-shift),0.05455975,0,,
2035,F,75,Exponential,(rate-shift),0.084517339,0,,
2035,F,80,Exponential,(rate-shift),0.149035276,0,,
2036,F,0,Exponential,(rate-shift),0.006036693,0,,
2036,F,5,Exponential,(rate-shift),0.000442683,0,,
2036,F,10,Exponential,(rate-shift),0.000624363,0,,
2036,F,15,Exponential,(rate-shift),0.000841685,0,,
2036,F,20,Exponential,(rate-shift),0.001264774,0,,
2036,F,25,Exponential,(rate-shift),0.001333987,0,,
2036,F,30,Exponential,(rate-shift),0.002227541,0,,
2036,F,35,Exponential,(rate-shift),0.004147093,0,,
2036,F,40,Exponential,(rate-shift),0.005818261,0,,
2036,F,45,Exponential,(rate-shift),0.006679496,0,,
2036,F,50,Exponential,(rate-shift),0.008563402,0,,
2036,F,55,Exponential,(rate-shift),0.0142383,0,,
2036,F,60,Exponential,(rate-shift),0.023564778,0,,
2036,F,65,Exponential,(rate-shift),0.035758964,0,,
2036,F,70,Exponential,(rate-shift),0.05404271,0,,
2036,F,75,Exponential,(rate-shift),0.082375445,0,,
2036,F,80,Exponential,(rate-shift),0.142663297,0,,
2037,F,0,Exponential,(rate-shift),0.005881078,0,,
2037,F,5,Exponential,(rate-shift),0.000425453,0,,
2037,F,10,Exponential,(rate-shift),0.000586115,0,,
2037,F,15,Exponential,(rate-shift),0.000791369,0,,
2037,F,20,Exponential,(rate-shift),0.00121092,0,,
2037,F,25,Exponential,(rate-shift),0.00129547,0,,
2037,F,30,Exponential,(rate-shift),0.002113368,0,,
2037,F,35,Exponential,(rate-shift),0.004146925,0,,
2037,F,40,Exponential,(rate-shift),0.005584603,0,,
2037,F,45,Exponential,(rate-shift),0.006625523,0,,
2037,F,50,Exponential,(rate-shift),0.008216406,0,,
2037,F,55,Exponential,(rate-shift),0.013565717,0,,
2037,F,60,Exponential,(rate-shift),0.023924308,0,,
2037,F,65,Exponential,(rate-shift),0.035761951,0,,
2037,F,70,Exponential,(rate-shift),0.053676079,0,,
2037,F,75,Exponential,(rate-shift),0.080455505,0,,
2037,F,80,Exponential,(rate-shift),0.139248157,0,,
2038,F,0,Exponential,(rate-shift),0.005732008,0,,
2038,F,5,Exponential,(rate-shift),0.000409635,0,,
2038,F,10,Exponential,(rate-shift),0.000553584,0,,
2038,F,15,Exponential,(rate-shift),0.000748356,0,,
2038,F,20,Exponential,(rate-shift),0.001156711,0,,
2038,F,25,Exponential,(rate-shift),0.001263213,0,,
2038,F,30,Exponential,(rate-shift),0.001986102,0,,
2038,F,35,Exponential,(rate-shift),0.004165784,0,,
2038,F,40,Exponential,(rate-shift),0.005343697,0,,
2038,F,45,Exponential,(rate-shift),0.006590229,0,,
2038,F,50,Exponential,(rate-shift),0.007921555,0,,
2038,F,55,Exponential,(rate-shift),0.012859799,0,,
2038,F,60,Exponential,(rate-shift),0.024207595,0,,
2038,F,65,Exponential,(rate-shift),0.035790201,0,,
2038,F,70,Exponential,(rate-shift),0.053416606,0,,
2038,F,75,Exponential,(rate-shift),0.078963788,0,,
2038,F,80,Exponential,(rate-shift),0.138085071,0,,
2039,F,0,Exponential,(rate-shift),0.005588366,0,,
2039,F,5,Exponential,(rate-shift),0.000394936,0,,
2039,F,10,Exponential,(rate-shift),0.00052578,0,,
2039,F,15,Exponential,(rate-shift),0.000711128,0,,
2039,F,20,Exponential,(rate-shift),0.001106229,0,,
2039,F,25,Exponential,(rate-shift),0.001229351,0,,
2039,F,30,Exponential,(rate-shift),0.001872792,0,,
2039,F,35,Exponential,(rate-shift),0.004145917,0,,
2039,F,40,Exponential,(rate-shift),0.005149089,0,,
2039,F,45,Exponential,(rate-shift),0.006519797,0,,
2039,F,50,Exponential,(rate-shift),0.007696059,0,,
2039,F,55,Exponential,(rate-shift),0.012227558,0,,
2039,F,60,Exponential,(rate-shift),0.024144078,0,,
2039,F,65,Exponential,(rate-shift),0.035909298,0,,
2039,F,70,Exponential,(rate-shift),0.053260348,0,,
2039,F,75,Exponential,(rate-shift),0.07804183,0,,
2039,F,80,Exponential,(rate-shift),0.138536542,0,,
2040,F,0,Exponential,(rate-shift),0.005449385,0,,
2040,F,5,Exponential,(rate-shift),0.000381329,0,,
2040,F,10,Exponential,(rate-shift),0.000502003,0,,
2040,F,15,Exponential,(rate-shift),0.000678476,0,,
2040,F,20,Exponential,(rate-shift),0.001061414,0,,
2040,F,25,Exponential,(rate-shift),0.001189765,0,,
2040,F,30,Exponential,(rate-shift),0.001784212,0,,
2040,F,35,Exponential,(rate-shift),0.004050539,0,,
2040,F,40,Exponential,(rate-shift),0.005022306,0,,
2040,F,45,Exponential,(rate-shift),0.00638785,0,,
2040,F,50,Exponential,(rate-shift),0.00754198,0,,
2040,F,55,Exponential,(rate-shift),0.011705187,0,,
2040,F,60,Exponential,(rate-shift),0.023616819,0,,
2040,F,65,Exponential,(rate-shift),0.036135024,0,,
2040,F,70,Exponential,(rate-shift),0.053207373,0,,
2040,F,75,Exponential,(rate-shift),0.077615428,0,,
2040,F,80,Exponential,(rate-shift),0.140521955,0,,